frame,tag,xN,yN,wN,hN,xS,yS,wS,hS
0,0,-1,-1,-1,-1,-1,-1,-1,-1
1,0,-1,-1,-1,-1,-1,-1,-1,-1
2,0,-1,-1,-1,-1,-1,-1,-1,-1
3,0,-1,-1,-1,-1,-1,-1,-1,-1
4,0,-1,-1,-1,-1,-1,-1,-1,-1
5,0,-1,-1,-1,-1,-1,-1,-1,-1
6,0,-1,-1,-1,-1,-1,-1,-1,-1
7,0,-1,-1,-1,-1,-1,-1,-1,-1
8,0,-1,-1,-1,-1,-1,-1,-1,-1
9,0,-1,-1,-1,-1,-1,-1,-1,-1
10,0,-1,-1,-1,-1,-1,-1,-1,-1
11,0,-1,-1,-1,-1,-1,-1,-1,-1
12,0,-1,-1,-1,-1,-1,-1,-1,-1
13,0,-1,-1,-1,-1,-1,-1,-1,-1
14,0,-1,-1,-1,-1,-1,-1,-1,-1
15,0,-1,-1,-1,-1,-1,-1,-1,-1
16,0,-1,-1,-1,-1,-1,-1,-1,-1
17,0,-1,-1,-1,-1,-1,-1,-1,-1
18,0,-1,-1,-1,-1,-1,-1,-1,-1
19,0,-1,-1,-1,-1,-1,-1,-1,-1
20,0,-1,-1,-1,-1,-1,-1,-1,-1
21,0,-1,-1,-1,-1,-1,-1,-1,-1
22,0,-1,-1,-1,-1,-1,-1,-1,-1
23,0,-1,-1,-1,-1,-1,-1,-1,-1
24,0,-1,-1,-1,-1,-1,-1,-1,-1
25,0,-1,-1,-1,-1,-1,-1,-1,-1
26,0,-1,-1,-1,-1,-1,-1,-1,-1
27,0,-1,-1,-1,-1,-1,-1,-1,-1
28,0,-1,-1,-1,-1,-1,-1,-1,-1
29,0,-1,-1,-1,-1,-1,-1,-1,-1
30,0,-1,-1,-1,-1,-1,-1,-1,-1
31,0,-1,-1,-1,-1,-1,-1,-1,-1
32,1,78.5675,112.936,17,110,113.256,312.621,25,131
33,1,78.5764,113.361,17,108,112.005,311.401,26,130
34,1,78.5362,111.449,17,107,109.902,310.332,25,128
35,1,78.5362,111.449,17,107,109.9,310.471,25,127
36,1,78.5764,113.361,17,108,108.204,310.642,21,126
37,1,79.7618,120.094,15,76,107.363,309.825,19,122
38,1,81.3654,122.171,18,76,105.659,311.108,19,123
39,1,83.9377,120.272,19,75,103.953,313.769,23,124
40,1,85.0644,125.881,21,78,103.102,315.574,25,121
41,1,88.0166,154.807,16,84,101.846,310.209,26,110
42,1,92.0953,160.786,18,83,101.809,332.284,26,117
43,1,91.5759,158.664,17,84,100.567,347.709,27,118
44,1,91.6667,168.83,17,91,99.7592,351.267,29,120
45,1,93.3917,131.164,21,72,98.9537,352.416,39,121
46,1,96.4758,129.5,27,80,94.0771,347.977,43,117
47,1,95.4411,128.892,25,83,95.2871,346.806,42,116
48,1,101.648,115.733,29,86,95.7151,350.473,47,117
49,1,105.921,97.4789,29,91,96.5307,351.841,41,116
50,1,109.361,66.7041,35,78,100.566,359.224,39,116
51,1,112.894,91.5156,32,88,104.108,370.811,50,120
52,1,117.773,86.8378,27,79,104.496,371.759,53,112
53,1,120.65,76.2677,24,66,107.976,377.604,46,122
54,1,128.606,102.112,22,79,106.724,387.618,55,136
55,1,128.63,120.564,21,82,105.165,390.737,55,139
56,1,127.56,121.82,23,76,107.466,390.681,49,139
57,1,126.509,122.451,21,83,109.407,388.583,40,137
58,1,125.678,114.085,19,83,110.557,388.783,37,135
59,1,128.917,110.038,21,82,109.021,388.706,33,136
60,1,132.076,109.378,23,95,108.288,385.281,31,136
61,1,135.619,97.2986,21,101,110.047,367.67,31,125
62,1,139.969,64.9604,23,85,108.566,358.057,31,124
63,1,143.445,45.648,28,87,106.978,356.731,39,125
64,1,145.522,6.9701,33,73,104.997,352.785,40,117
65,1,149.527,-6.26589,31,54,104.59,353.795,41,109
66,1,150.811,4.13932,28,44,104.99,354.161,42,106
67,1,153.983,22.1488,25,43,102.166,358.324,47,113
68,1,153.207,26.6264,22,45,99.7662,359.488,45,114
69,1,150.93,27.1254,26,53,96.9682,359.551,38,114
70,1,145.977,24.1547,31,55,94.9673,359.349,33,116
71,1,137.991,26.1556,25,67,94.5746,360.344,30,118
72,1,135.592,30.6093,21,69,96.1613,358.21,30,115
73,1,127.417,65.0113,20,85,97.7632,358.175,30,115
74,1,122.65,84.1367,22,81,97.3569,356.696,27,117
75,1,118.19,93.9049,26,77,97.341,352.576,27,120
76,1,114.464,93.9267,25,77,94.9123,351.373,33,120
77,1,112.358,91.7391,29,77,94.5314,354.516,42,125
78,1,111.995,75.8548,26,78,94.9477,356.501,41,129
79,1,114.305,64.6009,20,77,98.1572,355.932,37,133
80,1,116.48,65.5186,20,83,99.7632,355.897,37,133
81,1,121.408,65.0356,19,85,101.77,355.852,36,133
82,1,125.822,63.1627,17,93,101.774,353.607,36,131
83,1,130.313,58.9491,21,91,103.796,351.304,35,129
84,1,137.181,50.4377,13,87,103.785,353.812,35,129
85,1,143.178,-7.31978,22,68,103.79,352.56,35,129
86,1,147.247,-7.31792,23,88,103.801,350.044,35,129
87,1,152.211,11.3107,29,96,105.385,355.15,43,128
88,1,155.129,10.0348,30,71,105.774,357.129,46,122
89,1,158.378,13.5917,24,57,106.568,357.978,48,115
90,1,160.18,11.8137,23,64,105.369,357.758,51,117
91,1,157.339,11.5615,28,65,97.7619,357.803,38,118
92,1,150.53,10.5478,22,59,94.1379,355.648,31,116
93,1,145.199,0.519224,20,58,93.3351,355.79,29,115
94,1,135.953,54.2297,19,81,92.5027,352.934,27,108
95,1,131.397,78.4782,20,86,92.489,351.552,27,109
96,1,119.916,86.8262,29,79,90.4194,347.675,28,110
97,1,118.856,86.1644,29,72,89.5519,343.604,28,112
98,1,118.879,84.8266,29,78,87.0998,343.528,32,113
99,1,115.725,80.134,23,89,90.0099,347.429,33,122
100,1,118.605,69.1996,20,87,90.4146,347.293,36,123
101,1,119.731,67.1225,18,86,93.2564,346.977,37,125
102,1,122.505,64.7996,17,86,95.6942,346.925,39,125
103,1,125.291,62.4675,18,86,98.9436,346.982,43,124
104,1,128.242,54.0197,17,82,99.7536,344.668,41,122
105,1,133.837,32.8246,24,90,100.973,346.811,40,125
106,1,139.789,6.71589,25,104,102.196,344.487,39,123
107,1,144.136,-17.4032,29,96,103.015,343.06,37,124
108,1,146.199,4.39828,32,73,103.411,346.121,42,120
109,1,147.871,5.6849,29,68,103.823,344.836,43,110
110,1,151.858,6.45415,22,65,104.222,346.486,42,107
111,1,150.08,7.73715,25,70,99.7553,346.71,41,116
112,1,148.933,7.7377,27,70,93.7474,357.024,34,125
113,1,145.008,5.42871,30,69,88.9147,356.013,34,124
114,1,137.404,-8.63982,24,63,83.7124,357.372,29,124
115,1,127.345,22.1856,18,63,78.8297,369.833,28,123
116,1,122.679,28.4117,18,68,74.0294,380.049,31,128
117,1,116.737,48.1183,20,77,69.136,394.226,29,136
118,1,112.705,60.8847,17,83,65.3163,394.772,23,132
119,1,109.395,62.5294,19,86,60.6842,394.433,19,136
120,1,107.218,59.7366,19,88,56.7809,393.508,25,145
121,1,103.889,68.1117,21,92,51.6127,391.127,36,167
122,1,100.065,69.2796,30,87,51.4393,394.433,43,138
123,1,96.2839,80.0055,31,80,52.1917,400.152,50,117
124,1,95.2416,88.0721,29,74,52.4781,410.496,49,123
125,1,96.845,86.0595,28,83,51.3549,410.633,46,122
126,1,103.3,84.0145,24,92,49.344,408.833,43,129
127,1,108.763,73.3656,16,89,54.1817,395.158,36,131
128,1,112.111,65.0733,20,85,60.601,392.846,29,140
129,1,113.156,69.2231,14,87,66.4156,384.897,23,138
130,1,114.332,62.5102,18,96,70.4301,388.034,25,140
131,1,120.451,57.5786,11,87,75.0806,388.152,29,138
132,1,125.766,41.6067,16,94,77.1356,366.121,30,124
133,1,126.226,21.4364,18,106,80.9791,360.649,30,128
134,1,129.232,-8.11665,22,91,84.9053,356.724,28,129
135,1,131.064,-11.2881,23,73,90.8513,349.821,35,123
136,1,131.499,-5.74759,24,72,94.8685,345.028,33,110
137,1,135.694,9.02465,24,65,96.4853,342.556,33,99
138,1,131.137,7.7463,20,70,96.0644,340.243,34,97
139,1,129.896,11.3265,20,66,92.3864,341.226,35,110
140,1,128.686,13.8707,22,66,87.8987,342.353,32,112
141,1,124.09,14.8892,20,62,82.6815,347.078,31,116
142,1,118.229,23.9472,18,66,78.5059,358.108,32,119
143,1,114.829,23.453,18,68,74.4358,368.727,31,123
144,1,112.3,47.4142,16,80,70.3878,376.952,32,125
145,1,107.777,58.3285,20,84,65.4104,379.9,29,131
146,1,106.679,57.6281,18,87,59.5243,379.803,24,133
147,1,105.02,58.8077,19,92,54.9847,376.008,27,136
148,1,102.258,63.4881,20,92,52.4955,374.04,33,153
149,1,100.611,66.9715,31,87,50.8542,385.385,43,127
150,1,96.2795,78.8762,29,85,52.857,398.569,46,121
151,1,95.7618,84.2777,30,71,51.9105,401.719,47,113
152,1,98.4467,79.9947,27,80,50.752,401.525,44,115
153,1,106.03,76.5641,21,85,49.158,400.562,42,124
154,1,110.435,68.7748,21,89,54.5798,395.374,43,129
155,1,112.663,64.6075,21,87,64.2026,387.493,29,136
156,1,120.361,62.4867,23,86,69.9347,375.421,25,138
157,1,122.776,51.4333,19,83,73.6014,367.537,27,133
158,1,126.671,50.4708,14,87,79.1402,366.682,29,129
159,1,129.476,49.034,11,93,88.6491,365.129,37,130
160,1,134.089,43.0319,15,98,93.4,363.07,41,126
161,1,135.897,38.6757,14,96,95.3681,359.464,36,125
162,1,140.929,6.9721,17,93,98.9574,354.419,31,125
163,1,143.237,-8.9004,20,104,101.384,343.223,29,123
164,1,143.967,-12.8704,21,79,102.212,337.387,31,118
165,1,146.22,-10.748,25,71,105.478,340.173,39,116
166,1,148.771,-2.08117,22,68,106.727,337.292,38,108
167,1,146.826,3.10804,19,68,112.899,335.989,29,107
168,1,145.492,7.73937,21,70,116.131,338.653,33,106
169,1,146.65,7.48251,19,71,117.655,343.9,37,105
170,1,144.081,14.6175,19,63,123.314,344.801,43,107
171,1,142.557,9.53198,16,73,128.976,345.061,41,114
172,1,137.822,14.1164,16,75,133.863,344.319,29,119
173,1,136.607,16.3946,18,76,136.989,355.568,22,129
174,1,134.847,36.4896,20,85,141.24,365.871,22,134
175,1,134.023,45.1953,21,89,145.112,373.786,25,137
176,1,133.086,58.0022,22,95,146.892,382.972,31,138
177,1,131.866,62.2094,24,97,149.346,392.599,33,133
178,1,131.318,62.2115,25,97,152.453,407.841,34,134
179,1,129.216,79.391,24,92,153.817,414.651,35,130
180,1,124.087,91.8923,23,86,154.593,414.101,31,135
181,1,123.54,92.5556,22,83,153.469,409.216,33,141
182,1,126.213,92.1003,23,85,148.596,404.249,27,138
183,1,129.583,85.6616,25,84,144.782,405.543,29,137
184,1,131.057,71.4375,23,87,143.661,405.572,34,137
185,1,134.033,62.8982,18,84,140.233,392.597,31,135
186,1,136.828,61.0263,17,92,137.197,376.447,29,126
187,1,137.939,60.5559,15,84,133.392,374.532,27,133
188,1,140.274,56.5688,17,91,129.89,374.378,26,135
189,1,142.662,51.6066,15,92,125.699,371.268,27,132
190,1,144.574,45.1656,14,89,122.805,362.771,27,123
191,1,146.628,35.7318,13,88,118.9,360.167,29,125
192,1,151.514,14.1043,16,95,115.52,349.41,30,122
193,1,150.382,0.778427,21,107,112.053,337.7,31,114
194,1,153.152,-9.42244,21,86,107.951,338.047,41,112
195,1,151.985,3.62324,24,76,107.879,345.898,45,111
196,1,151.962,4.13902,28,64,105.454,344.162,51,105
197,1,151.985,3.62324,26,66,100.16,343.634,58,110
198,1,150.597,9.01626,26,55,87.1082,344.042,50,109
199,1,143.303,4.91439,25,61,75.2534,344.038,37,111
200,1,135.402,-0.259967,23,61,70.2052,340.401,41,110
201,1,131.263,24.1769,25,75,64.7051,336.998,42,107
202,1,124.17,37.975,21,79,57.6802,329.211,42,97
203,1,116.083,55.0052,23,78,51.7533,320.831,39,90
204,1,112.907,42.8476,17,69,50.4422,313.012,29,87
205,1,107.143,71.7729,23,76,48.5718,303.352,26,86
206,1,97.8932,74.5559,18,74,48.9599,302.633,23,91
207,1,93.5679,78.2107,18,78,50.1595,308.268,25,101
208,1,86.2739,100.213,20,89,52.8256,309.899,31,109
209,1,79.3948,101.776,19,82,55.4578,311.105,33,110
210,1,71.6934,111.496,20,77,57.6412,312.038,30,113
211,1,68.9584,125.385,32,71,59.4408,313.946,28,119
212,1,62.6762,165.124,27,82,62.0164,323.613,27,108
213,1,59.8797,193.651,27,79,66.6622,334.331,29,97
214,1,59.1183,198.52,25,82,68.9668,340.298,30,101
215,1,60.7077,178.202,24,83,65.3323,341.929,37,109
216,1,61.7735,167.619,25,89,62.8442,341.465,43,113
217,1,63.9971,146.354,19,88,60.9034,335.372,47,120
218,1,69.6212,130.127,15,88,57.0941,326.006,43,111
219,1,73.0158,121.609,18,89,53.0401,328.504,33,113
220,1,75.5315,117.818,19,87,50.096,328.296,28,115
221,1,76.5826,118.02,17,86,48.5202,323.207,27,113
222,1,81.2957,118.406,20,84,46.5183,318.336,23,109
223,1,84.9708,119.637,21,78,45.0149,308.366,21,101
224,1,87.0568,119.621,21,78,44.3431,298.138,25,93
225,1,87.5835,120.036,20,86,43.7031,288.394,25,90
226,1,90.0157,102.574,19,88,45.2429,284.967,25,93
227,1,93.6425,89.8561,18,86,48.7852,285.201,25,101
228,1,95.7578,83.3817,18,85,51.8669,285.146,26,101
229,1,98.9916,83.1407,20,86,57.5723,284.749,25,103
230,1,101.152,75.6787,22,89,61.4049,291.594,25,106
231,1,106.111,60.9097,17,83,65.8057,303.169,24,115
232,1,110.507,60.893,13,83,70.591,304.637,25,114
233,1,114.954,56.8934,13,90,75.1718,314.193,27,115
234,1,118.364,50.4969,19,87,82.0169,316.949,31,114
235,1,125.794,40.3975,16,89,87.2269,325.933,39,117
236,1,130.008,6.97685,20,83,88.5503,330.839,38,120
237,1,132.633,-4.69799,24,98,90.6176,330.266,35,124
238,1,135.28,-15.541,28,89,94.7815,332.43,33,127
239,1,136.879,-10.4896,29,70,99.7455,335.218,33,125
240,1,141.499,-9.16527,25,65,102.203,341.146,35,119
241,1,143.703,9.53129,20,73,104.639,344.179,41,115
242,1,140.345,7.22898,26,72,110.341,343.673,31,118
243,1,141.984,9.53232,21,73,118.468,343.883,27,125
244,1,141.411,9.53266,22,73,121.096,352.18,26,129
245,1,138.469,11.8297,23,74,124.113,371.901,23,137
246,1,133.823,14.1199,21,75,127.645,382.739,25,134
247,1,129.188,16.6548,21,65,129.811,386.602,27,130
248,1,127.606,34.797,23,72,132.419,388.482,30,133
249,1,123.863,52.3784,21,79,132.183,384.938,29,144
250,1,122.757,52.382,23,79,133.067,373,28,146
251,1,119.884,58.5189,20,83,133.182,370.259,30,149
252,1,116.525,62.5016,24,86,136.789,385.057,25,142
253,1,115.97,62.969,23,84,139.017,408.723,32,159
254,1,113.676,71.2859,35,78,135.843,420.488,23,139
255,1,114.715,74.9329,37,82,133.632,420.755,29,137
256,1,115.229,76.9736,36,73,132.987,418.781,31,146
257,1,124.977,76.2471,50,76,131.848,393.028,25,133
258,1,126.074,75.5613,42,79,130.342,392.614,25,137
259,1,127.737,73.9622,33,86,127.337,391.445,25,138
260,1,127.628,78.2709,25,87,125.218,386.14,27,135
261,1,129.131,82.5369,22,88,122.736,365.204,27,123
262,1,131.209,84.9844,22,87,121.015,355.302,28,124
263,1,128.53,84.9986,19,87,120.634,354.564,29,130
264,1,126.877,86.7885,18,89,119.141,349.836,27,128
265,1,125.545,97.7954,18,89,117.219,345.314,26,124
266,1,122.062,112.419,22,91,118.23,336.139,24,125
267,1,119.109,130.954,19,92,118.034,326.111,21,121
268,1,120.101,132.782,21,93,118.16,320.186,21,115
269,1,122.401,121.027,21,100,116.055,320.906,22,120
270,1,125.061,95.8351,25,88,113.106,322.451,25,119
271,1,128.6,82.3156,23,89,113.05,326.078,25,122
272,1,129.497,68.9229,22,88,113.052,325.945,25,123
273,1,133.002,60.8077,20,83,113.05,326.078,29,122
274,1,135.06,64.9803,18,85,111.387,326.112,25,122
275,1,138.479,60.7869,18,83,111.338,329.84,25,124
276,1,141.233,60.3102,17,85,111.26,335.762,21,129
277,1,146.405,54.4301,18,90,111.631,338.618,22,127
278,1,151.263,44.4274,16,92,112.024,339.775,23,128
279,1,156.172,23.6416,17,97,111.175,342.115,25,130
280,1,156.598,3.36425,22,107,110.388,339.81,27,128
281,1,155.986,4.13798,27,84,109.565,340.345,33,124
282,1,158.064,8.5009,27,77,110.274,349.146,39,125
283,1,160.193,11.5595,23,65,108.657,349.181,39,125
284,1,159.583,12.3223,22,62,114.32,348.805,29,127
285,1,158.987,12.8305,23,60,117.906,350.996,26,129
286,1,157.859,12.5775,23,61,122.186,356.393,25,125
287,1,154.982,13.0874,26,59,125.161,363.449,27,127
288,1,146.179,19.1541,19,65,126.612,367.411,29,124
289,1,141.129,33.0548,15,69,128.914,369.041,31,120
290,1,136.284,43.9884,19,74,128.927,368.681,31,123
291,1,131.899,61.0451,20,82,130.528,367.923,23,129
292,1,129.092,63.6141,19,81,131.005,375.768,21,143
293,1,126.911,63.3906,19,82,130.996,385.771,24,147
294,1,124.691,64.7907,19,86,131.853,392.915,25,134
295,1,124.145,64.7929,24,86,135.44,413.532,33,145
296,1,121.66,79.8791,24,90,134.65,414.617,31,135
297,1,120.431,87.9341,24,84,131.361,413.744,26,144
298,1,120.427,88.1559,24,83,128.272,407.265,21,145
299,1,121.629,81.4537,24,83,123.464,405.647,24,141
300,1,126.866,65.2449,23,84,120.452,406.159,28,137
301,1,130.869,58.713,20,82,118.241,404.578,26,142
302,1,133.142,56.1239,18,83,117.002,392.489,26,141
303,1,135.357,55.6456,16,85,115.82,375.061,26,132
304,1,137.11,52.5718,17,88,114.658,374.496,27,137
305,1,139.979,49.478,18,91,113.112,373.346,27,137
306,1,141.412,40.5999,20,88,113.097,374.296,27,139
307,1,146.811,31.3256,21,86,111.262,365.465,26,133
308,1,152.2,11.5652,29,85,110.191,355.914,27,131
309,1,151.536,0.778371,27,97,107.895,344.109,29,125
310,1,152.546,-8.89523,28,74,106.315,337.561,41,116
311,1,151.938,4.6543,28,62,106.715,338.852,48,106
312,1,151.215,7.99271,27,59,107.954,337.787,49,104
313,1,150.698,19.6505,27,63,109.6,337.232,49,108
314,1,152.851,22.1504,23,63,113.281,337.804,56,113
315,1,147.066,25.1478,21,61,117.803,336.929,53,119
316,1,145.194,29.6058,22,63,118.225,336.399,50,123
317,1,143.286,63.7895,21,80,116.589,336.173,46,125
318,1,142.115,65.8759,21,81,112.841,339.758,41,128
319,1,141.413,70.0184,18,83,111.206,339.793,45,128
320,1,139.468,93.3418,20,89,109.978,339.948,48,127
321,1,137.287,109.98,17,82,107.523,340.129,46,126
322,1,133.465,115.083,12,68,103.858,336.44,39,125
323,1,133.424,116.345,16,62,101.797,339.992,36,128
324,1,131.871,116.146,15,63,99.3489,346.464,34,128
325,1,128.901,129.443,16,79,96.4872,342.942,33,126
326,1,124.32,127.633,17,88,94.3727,333.097,34,122
327,1,121.753,127.242,22,90,93.4767,324.866,32,124
328,1,121.715,129.091,28,91,91.7301,317.579,28,118
329,1,121.394,119.575,23,87,89.215,318.586,26,121
330,1,119.444,112.649,23,90,88.7902,318.321,27,123
331,1,114.212,112.898,21,89,88.3315,315.727,24,122
332,1,111.039,116.297,21,83,87.8677,312.977,25,122
333,1,108.955,116.102,23,84,88.2514,310.193,24,122
334,1,111.618,111.007,20,88,88.1456,302.89,24,124
335,1,112.265,100.051,23,89,88.1045,300.047,26,124
336,1,115.604,88.626,23,91,87.2105,297.919,28,119
337,1,116.901,73.7844,21,87,86.7882,298.5,27,115
338,1,118.666,65.5097,20,83,87.6933,301.337,29,115
339,1,122.501,65.0312,23,85,90.3034,303.982,27,116
340,1,124.733,62.9347,19,84,92.4429,303.8,28,117
341,1,127.242,49.7554,15,80,94.1544,303.626,26,118
342,1,130.721,44.0037,13,84,94.1752,306.444,26,118
343,1,134.089,43.0319,13,88,95.1136,319.695,28,122
344,1,136.269,44.469,11,92,97.6519,325.185,30,121
345,1,138.892,32.8143,15,90,98.0842,330.51,29,121
346,1,143.044,11.8264,21,94,100.57,330.194,27,123
347,1,143.809,-8.63637,21,103,100.985,329.655,26,127
348,1,144.751,-2.86428,23,91,102.233,327.501,27,123
349,1,146.795,3.88244,23,75,103.867,334.215,35,122
350,1,147.903,4.91298,21,71,104.257,338.903,36,116
351,1,146.66,7.22613,19,72,106.266,344.4,37,123
352,1,146.66,7.22613,19,72,114.439,341.917,29,121
353,1,145.964,10.2957,20,60,119.221,346.417,25,125
354,1,144.75,12.0795,20,63,123.687,359.691,25,128
355,1,140.167,12.3372,16,62,126.357,375.051,25,130
356,1,136.037,16.3952,15,66,130.033,380.825,31,130
357,1,133.917,30.1198,18,71,131.576,380.905,31,139
358,1,131.611,51.8792,19,81,132.554,366.431,26,151
359,1,129.345,54.016,19,82,134.672,362.99,21,149
360,1,127.19,51.8935,19,81,139.652,366.148,26,142
361,1,124.135,65.256,22,84,141.736,378.683,29,146
362,1,120.196,71.4858,29,97,141.725,393.123,27,140
363,1,117.919,77.8661,27,79,142.872,412.808,25,140
364,1,115.754,78.1028,25,78,142.836,413.448,25,134
365,1,103.865,75.666,21,79,139.757,415.757,33,133
366,1,97.3692,81.3519,27,74,137.618,414.328,39,137
367,1,88.2016,82.9721,32,67,133.557,405.936,43,136
368,1,77.0728,92.8238,43,63,128.32,395.808,40,129
369,1,71.4515,121.62,43,59,120.037,393.205,30,134
370,1,69.4029,122.887,39,53,113.688,385.382,33,134
371,1,69.9054,122.258,38,56,108.464,368.068,31,122
372,1,69.8682,121.005,38,62,100.167,363.405,28,122
373,1,70.2985,117.856,37,67,91.7545,358.309,29,115
374,1,72.2026,110.853,33,70,84.8517,353.979,46,111
375,1,73.0996,104.843,31,78,80.7586,351.682,40,120
376,1,75.0463,97.6663,27,81,69.6875,348.378,35,128
377,1,78.6751,92.594,20,84,62.53,343.538,28,137
378,1,80.1552,85.9256,21,84,57.829,340.013,35,145
379,1,81.7796,86.3635,22,82,53.5122,336.708,41,131
380,1,81.7796,86.3635,22,82,48.0106,334.982,40,105
381,1,83.8955,83.8918,24,83,44.1838,339.78,34,109
382,1,88.6348,73.229,21,90,43.5246,336.26,33,116
383,1,91.3542,72.7593,20,92,48.2292,338.39,26,119
384,1,95.1262,64.4459,21,88,51.5363,338.321,26,119
385,1,101.16,64.1896,26,89,52.0272,339.615,29,119
386,1,103.924,57.1678,21,89,55.3851,340.585,29,121
387,1,106.748,45.5124,18,88,59.2036,342.706,28,124
388,1,111.766,45.2581,19,89,63.7072,342.352,25,126
389,1,114.06,39.9422,15,91,71.9223,342.435,29,124
390,1,117.369,43.0768,13,98,76.8403,342.331,41,124
391,1,120.327,33.5883,16,97,79.3082,342.665,43,121
392,1,126.983,13.3644,17,88,83.3466,339.994,41,121
393,1,128.338,4.66116,21,102,88.2476,338.331,33,123
394,1,127.768,4.40334,26,103,91.5237,337.22,33,121
395,1,127.066,9.79688,25,82,98.1087,339.033,45,116
396,1,129.876,12.0907,24,63,99.7543,345.562,49,115
397,1,130.249,19.6756,23,63,102.975,355.701,45,124
398,1,129.111,19.677,21,63,111.128,345.7,37,122
399,1,128.556,41.5995,21,64,117.393,336.938,42,119
400,1,125.777,41.1233,18,66,122.555,342.899,41,122
401,1,125.3,37.4857,15,71,129.992,339.395,43,118
402,1,125.273,38.7014,17,76,134.979,337.088,43,115
403,1,125.381,58.4989,20,83,136.608,337.184,39,114
404,1,124.115,66.1809,20,80,138.375,334.282,35,116
405,1,124.573,70.092,19,83,139.407,329.793,33,120
406,1,125.507,76.6979,21,84,139.602,325.672,33,121
407,1,130.909,76.672,27,84,139.717,323.261,33,119
408,1,131.595,90.0857,29,84,138.036,323.697,37,116
409,1,132.311,101.657,23,81,133.785,326.191,43,118
410,1,134.13,141.937,25,97,130.041,326.667,40,115
411,1,137.945,134.664,28,83,125.127,324.763,32,120
412,1,143.325,151.932,34,76,121.067,320.941,28,129
413,1,146.27,153.272,32,69,118.319,332.074,28,126
414,1,148.215,154.422,30,63,115.339,337.241,31,117
415,1,147.596,156.951,25,60,116.156,337.354,33,116
416,1,148.095,156.946,24,60,119.568,331.521,33,120
417,1,146.128,167.121,21,77,125.398,315.684,34,117
418,1,138.897,211.236,26,114,128.532,309.833,31,99
419,1,143.784,152.905,19,91,134.155,306.521,38,102
420,1,144.745,130.745,17,92,137.197,304.782,41,104
421,1,144.184,119.822,15,95,142.083,300.318,46,105
422,1,144.01,111.631,14,94,146.136,296.255,45,93
423,1,142.608,107.601,15,93,150.623,292.726,39,77
424,1,142.608,107.601,15,93,156.186,272.716,33,62
425,1,143.665,107.381,17,94,157.368,267.993,31,63
426,1,144.985,100.929,23,94,159.64,267.039,34,69
427,1,147.514,79.3004,20,92,159.025,269.639,35,82
428,1,147.524,79.0752,18,93,156.606,273.01,32,90
429,1,148.607,66.7714,19,87,154.245,268.503,28,90
430,1,151.838,55.8235,22,84,151.506,277.599,23,100
431,1,155.74,54.6339,21,89,149.729,293.319,21,113
432,1,160.045,46.0791,18,85,148.853,293.622,23,111
433,1,162.5,41.7524,16,83,146.29,293.382,21,113
434,1,166.999,40.7764,16,87,144.137,301.835,23,124
435,1,169.008,35.1948,21,80,142.197,306.647,25,120
436,1,171.66,28.5715,21,77,139.805,312.518,28,118
437,1,176.989,16.1014,15,117,135.883,315.751,27,115
438,1,178.907,4.64646,15,112,131.873,332.845,27,128
439,1,184.996,-66.6177,17,83,128.485,335.793,31,126
440,1,184.591,-43.5688,19,92,125.206,335.862,31,126
441,1,180.841,-41.0712,25,93,120.876,344.981,29,126
442,1,175.259,-18.9745,36,102,115.449,353.181,44,122
443,1,171.282,7.471,40,101,113.754,358.436,52,110
444,1,175.301,7.21321,33,102,112.151,358.842,56,107
445,1,177.657,6.18738,29,106,106.946,360.558,61,104
446,1,175.039,19.8711,32,112,98.9671,359.63,71,103
447,1,164.038,34.2298,32,54,92.9659,359.27,56,107
448,1,148.582,42.2707,25,61,89.3376,357.495,35,112
449,1,142.292,61.2383,23,71,85.2883,355.719,25,117
450,1,131.593,71.6637,20,76,79.675,356.715,27,120
451,1,123.945,73.9797,18,76,80.6465,347.122,24,116
452,1,115.816,73.7894,23,77,82.7068,348.223,23,117
453,1,98.4584,86.2739,41,82,81.8617,346.841,29,118
454,1,89.461,100.193,48,89,82.6393,345.163,31,121
455,1,91.216,118.333,33,84,89.6513,350.984,36,124
456,1,78.2595,123.028,46,82,93.3528,357.777,41,119
457,1,83.0361,128.58,25,55,91.7436,357.317,45,113
458,1,83.0326,128.374,25,56,87.6364,351.532,55,110
459,1,82.4755,126.108,24,67,78.6661,349.199,45,110
460,1,82.9869,125.69,25,69,67.2656,348.939,39,114
461,1,84.9583,118.798,21,82,62.016,341.353,41,114
462,1,91.1367,109.444,21,86,57.5753,335.178,39,112
463,1,94.7606,98.4192,20,87,56.4061,328.836,37,100
464,1,94.2418,100.597,19,87,53.9474,322.284,32,89
465,1,97.425,100.794,21,86,51.2619,312.44,27,81
466,1,96.8933,100.364,20,88,50.926,306.705,23,82
467,1,100.606,99.9063,23,90,50.3549,304.312,20,89
468,1,103.296,85.3556,22,86,52.1012,304.704,26,96
469,1,108.233,71.5391,23,87,55.3383,308.87,29,106
470,1,108.827,65.0866,24,85,57.0066,307.996,29,112
471,1,114.226,70.8253,22,90,59.93,306.392,28,113
472,1,120.744,71.2545,20,88,63.18,311.931,27,113
473,1,127.018,58.9612,15,91,68.173,319.822,32,115
474,1,131.834,44.0006,19,94,70.5209,326.406,33,116
475,1,134.901,-2.86604,20,91,74.7679,328.461,33,120
476,1,136.83,-8.90396,21,104,77.7975,317.17,33,113
477,1,138.371,-2.60433,24,80,82.9502,321.161,29,113
478,1,140.588,0.259765,22,69,89.8949,338.557,33,121
479,1,144.849,9.53061,26,73,92.8668,348.764,36,121
480,1,142.463,12.0812,24,73,96.9322,351.328,36,120
481,1,141.156,16.6424,22,75,105.836,347.849,32,126
482,1,140.587,16.643,21,75,110.999,355.399,25,135
483,1,139.701,9.27811,19,64,114.864,363.195,25,131
484,1,139.674,10.0445,21,61,118.892,377.229,22,133
485,1,133.816,14.3735,17,64,121.632,390.677,26,136
486,1,131.4,19.1717,17,65,124.983,393.421,31,131
487,1,128.953,47.8428,18,78,128.072,392.218,31,141
488,1,127.179,52.3676,19,79,128.936,389.477,29,165
489,1,124.78,60.8389,19,83,129.962,372.479,32,151
490,1,123.188,58.2725,22,84,132.549,376.085,29,140
491,1,119.698,68.965,24,88,139.571,390.694,33,152
492,1,116.999,67.3647,29,85,137.468,417.296,25,149
493,1,115.783,76.0639,35,77,138.64,423.018,23,134
494,1,115.783,76.0639,35,77,136.087,422.982,28,135
495,1,120.113,76.0434,39,77,136.041,416.383,31,138
496,1,121.169,77.3979,31,81,133.596,405.064,27,134
497,1,124.31,81.889,23,91,131.862,392.689,25,136
498,1,128.401,89.8827,15,95,130.249,375.196,27,128
499,1,128.787,95.3757,14,90,126.648,366.325,25,133
500,1,130.262,99.5049,19,91,124.439,347.826,28,123
501,1,127.095,99.3076,17,92,121.475,337.502,30,114
502,1,128.245,95.8161,19,88,119.431,337.415,29,115
503,1,125.066,95.6165,17,89,117.921,331.424,29,111
504,1,123.378,99.9816,20,89,116.416,323.866,25,108
505,1,122.835,100.635,21,86,117.29,321.827,23,113
506,1,122.844,100.202,21,88,115.635,321.05,23,119
507,1,121.791,99.9915,23,89,113.203,316.061,25,116
508,1,119.957,84.5976,27,89,112.362,316.077,23,116
509,1,116.97,69.2067,25,87,112.325,318.673,23,117
510,1,114.929,58.7714,21,82,108.981,317.512,27,116
511,1,113.809,60.4134,27,85,106.472,315.782,25,119
512,1,107.242,55.7432,35,85,102.252,319.009,23,116
513,1,101.732,44.0832,25,84,100.153,322.441,20,121
514,1,94.9672,31.9198,15,84,98.0685,325.042,21,122
515,1,88.676,24.9901,16,82,97.2446,327.736,19,122
516,1,84.716,26.7403,19,85,95.6311,336.22,23,128
517,1,80.7444,27.2443,24,83,93.9844,336.255,27,128
518,1,76.7745,27.7481,29,81,92.336,336.158,27,129
519,1,70.7545,36.6355,38,85,89.8628,336.079,29,130
520,1,62.8563,36.8982,36,84,87.4567,340.295,31,128
521,1,63.7446,29.5085,34,84,85.1736,349.691,33,125
522,1,67.6439,26.7686,25,85,83.2624,355.14,38,122
523,1,70.0031,29.7447,23,83,83.2893,356.386,40,122
524,1,70.0768,32.4625,21,82,78.0902,357.621,37,123
525,1,70.3746,43.4447,21,87,71.6256,356.894,35,120
526,1,70.9421,43.6848,20,86,65.5941,357.277,30,118
527,1,74.8896,44.6393,21,82,62.293,355.728,30,121
528,1,77.0841,42.4595,19,81,59.6264,351.007,30,119
529,1,79.0976,59.3721,20,90,57.2879,345.322,29,114
530,1,84.2414,70.9576,17,90,57.1157,342.104,29,109
531,1,85.9322,74.8394,20,93,55.3274,339.545,29,109
532,1,90.2645,72.7642,24,92,54.9341,332.46,29,103
533,1,90.8277,74.8166,25,93,54.5413,325.384,25,106
534,1,91.8989,72.7569,23,82,54.3837,322.546,25,107
535,1,94.0355,65.6103,21,83,54.3605,314.461,32,106
536,1,95.1193,63.0508,21,84,59.6428,318.076,32,109
537,1,95.1205,63.2836,21,83,62.5724,317.332,33,114
538,1,93.4679,62.5914,22,86,64.3185,318.532,33,115
539,1,89.01,56.9854,26,90,68.7503,323.883,31,115
540,1,86.4366,27.9797,24,80,73.8826,326.874,31,112
541,1,81.4233,-0.521762,24,82,77.1424,338.565,36,123
542,1,77.1072,-12.391,27,77,79.2001,338.522,31,123
543,1,70.6759,-10.5329,22,90,81.0306,328.867,30,116
544,1,67.9403,17.2252,26,83,84.0657,334.89,35,120
545,1,64.5305,1.91041e-13,19,70,89.1203,341.94,43,115
546,1,65.789,22.0197,18,74,89.1311,342.713,47,109
547,1,68.4648,15.4491,19,70,80.6996,349.282,68,109
548,1,69.6773,17.7295,21,71,81.136,350.538,67,99
549,1,72.6246,43.6802,21,86,76.699,351.393,56,93
550,1,74.7599,62.8976,16,95,76.2938,351.401,43,93
551,1,76.5963,71.221,19,99,73.8541,351.202,37,95
552,1,76.0497,71.2234,20,99,73.0173,350.462,27,101
553,1,76.6418,73.2836,19,100,74.1933,349.169,26,111
554,1,74.8585,67.0789,22,97,75.3888,348.381,25,117
555,1,72.15,24.7659,21,93,74.5507,347.636,31,123
556,1,69.5134,-10.0024,20,78,76.9859,347.329,33,125
557,1,64.2186,-10.0057,21,78,81.029,346.093,35,124
558,1,58.8262,3.64432,25,86,82.2889,347.723,42,121
559,1,59.0227,9.06782,19,75,88.4395,351.136,53,113
560,1,60.2704,27.7766,20,81,87.6605,353.04,55,108
561,1,60.4297,32.2352,20,83,86.8809,354.685,53,105
562,1,61.718,36.6561,20,85,79.2462,355.728,70,108
563,1,61.8366,40.0722,18,71,74.7982,355.327,59,112
564,1,62.4678,58.2577,18,95,78.8231,354.988,47,114
565,1,62.3075,69.4424,17,77,78.8367,355.487,37,120
566,1,62.275,68.5192,21,81,76.8143,355.282,32,122
567,1,64.8423,79.7097,25,92,74.7942,355.202,27,123
568,1,64.5791,88.0175,24,95,74.7216,352.947,27,121
569,1,64.9284,98.3835,20,88,77.2065,354.899,29,125
570,1,65.7211,106.184,21,92,78.5469,359.593,34,127
571,1,65.5867,133.233,19,93,81.1383,367.122,32,125
572,1,66.0889,132.82,16,95,82.3318,367.216,33,124
573,1,67.1079,132.403,16,97,82.5044,357.274,32,125
574,1,67.8724,140.111,15,99,82.5342,340.4,31,118
575,1,71.045,177.34,19,107,81.5568,333.626,33,110
576,1,72.9709,175.634,23,106,80.3806,319.17,35,98
577,1,73.6508,145.47,24,92,75.1759,314.331,27,104
578,1,77.7987,125.731,15,89,72.0816,310.645,30,121
579,1,79.7744,120.722,15,93,71.4396,304.338,27,116
580,1,81.8521,120.288,15,95,69.0892,298.828,28,105
581,1,87.6017,121.498,20,89,67.0691,291.345,30,97
582,1,88.1321,122.328,19,85,65.8808,283.415,28,91
583,1,88.1569,124.407,19,75,64.0516,281.809,24,92
584,1,86.0751,124.008,23,77,63.6294,282.264,23,99
585,1,80.825,121.132,21,81,63.9418,289.647,23,109
586,1,74.6269,123.472,21,80,61.978,294.636,32,115
587,1,64.1112,135.284,22,83,62.4191,294.773,31,114
588,1,61.884,157.596,30,81,63.0242,298.654,30,87
589,1,57.4738,183.255,35,86,67.7487,297.705,15,93
590,1,47.7121,184.659,31,69,67.9301,291.038,18,109
591,1,45.3313,194.55,29,65,66.4082,285.629,25,116
592,1,42.4999,179.71,27,56,67.7585,286.491,26,110
593,1,40.9947,179.354,24,58,68.1089,284.118,25,106
594,1,44.2298,183.961,30,73,65.4287,283.126,27,103
595,1,43.8302,177.078,26,90,65.0911,285.652,24,96
596,1,46.0559,172.535,21,104,62.0171,285.707,27,96
597,1,46.6111,136.042,16,90,58.8922,293.822,27,101
598,1,48.6019,134.599,12,87,59.9952,298.71,29,97
599,1,52.313,136.603,17,87,57.7709,306.151,31,105
600,1,55.3678,135.764,17,91,55.1729,305.777,29,108
601,1,60.5685,136.939,17,95,52.0466,325.839,27,123
602,1,65.2053,122.085,19,87,50.1025,335.202,25,123
603,1,69.1113,113.215,19,89,48.5928,337.597,25,125
604,1,72.1621,109.359,17,87,46.2388,351.805,21,135
605,1,76.2881,105.254,17,86,43.5494,359.755,25,132
606,1,80.2651,91.7016,17,78,39.6627,372.059,25,132
607,1,86.6686,89.6734,21,77,38.5289,372.806,22,126
608,1,93.0742,85.1866,21,77,37.0757,369.584,19,153
609,1,95.1834,76.1615,21,77,32.5885,354.375,19,157
610,1,95.1125,61.6522,21,80,31.0233,340.84,22,133
611,1,96.1687,50.3285,27,78,28.9336,340.623,25,135
612,1,97.8205,43.8529,36,75,30.0614,339.295,28,115
613,1,97.8273,46.738,36,63,35.0159,354.196,45,108
614,1,100.614,45.5298,37,58,37.2183,361.383,51,100
615,1,100.614,49.838,39,60,34.2558,364.529,57,115
616,1,106.732,48.3872,40,66,39.9315,359.96,54,111
617,1,113.983,46.2117,35,75,52.3869,359.186,39,115
618,1,120.641,47.1504,27,71,63.8968,355.442,28,123
619,1,125.925,58.7311,21,72,72.1792,338.018,36,118
620,1,130.642,66.8463,24,77,83.631,313.198,35,101
621,1,131.792,64.7621,18,76,93.7959,312.447,35,105
622,1,129.589,65.4651,22,83,102.27,310.479,43,108
623,1,126.32,65.2471,18,84,107.385,307.173,47,101
624,1,123.772,56.6271,19,81,114.523,312.597,50,101
625,1,119.85,60.3907,28,75,116.736,307.274,45,99
626,1,119.755,65.7366,30,72,115.914,305.749,43,100
627,1,119.702,68.7351,30,69,117.603,306.417,35,105
628,1,123.51,68.9486,29,68,117.657,303.746,35,104
629,1,130.413,75.0868,26,71,117.637,304.732,35,107
630,1,138.675,70.7174,21,70,116.693,309.506,33,113
631,1,141.38,98.7852,18,84,115.407,310.364,30,117
632,1,145.126,109.926,20,82,112.448,310.005,23,120
633,1,148.09,135.791,22,77,110.755,309.898,23,121
634,1,149.471,138.799,23,62,109.403,317.367,22,127
635,1,153.341,142.364,23,64,107.695,320.395,22,125
636,1,152.076,147.332,21,59,104.748,323.293,21,114
637,1,149.028,147.952,19,56,103.858,336.44,23,125
638,1,147.742,143.211,20,60,100.98,336.63,22,124
639,1,141.468,135.847,15,77,97.2789,336.577,19,125
640,1,137.717,126.91,15,81,93.6175,341.587,22,127
641,1,133.093,126.741,20,82,90.5228,355.977,22,134
642,1,129.519,125.739,27,87,86.5994,361.63,24,129
643,1,126.531,121.62,21,87,81.7372,375.502,31,135
644,1,119.939,114.126,18,83,76.541,385.349,33,132
645,1,113.224,108.226,19,81,72.9009,392.092,27,134
646,1,107.98,106.549,21,79,66.3409,391.91,24,137
647,1,105.895,102.473,21,88,62.9117,392.79,25,140
648,1,104.361,88.2442,22,83,58.6791,385.893,35,151
649,1,101.684,84.694,29,79,57.8371,384.753,41,151
650,1,100.608,85.8164,31,74,56.6199,403.928,49,132
651,1,101.682,86.4794,29,71,54.2874,409.253,46,124
652,1,97.9177,84.9374,28,78,54.2874,409.253,46,124
653,1,91.9725,82.0541,23,81,52.2101,406.352,43,131
654,1,86.5146,77.7919,21,90,52.7081,396.211,40,132
655,1,83.7343,73.4799,18,89,55.957,385.958,32,131
656,1,79.3824,73.9569,16,87,62.1603,385.462,22,134
657,1,75.5559,73.5173,17,89,67.1077,382.903,21,135
658,1,73.8006,68.701,18,90,70.6062,382.587,20,137
659,1,73.1437,41.9855,16,93,73.2146,379.128,21,136
660,1,69.9659,7.00298,18,83,76.6792,364.181,23,130
661,1,67.0529,6.48834,25,85,78.8637,356.484,25,132
662,1,62.6672,14.1826,29,95,82.1937,343.505,28,124
663,1,64.1449,24.2781,23,85,85.4491,342.663,30,120
664,1,64.6843,23.2757,18,79,90.7752,343.45,35,113
665,1,68.0487,21.0112,18,78,91.5734,341.759,37,116
666,1,70.9438,22.2637,19,83,98.9256,337.326,35,119
667,1,72.6895,23.5146,20,78,105.568,325.695,33,116
668,1,75.0911,28.7441,22,77,111.426,323.159,35,114
669,1,80.0814,22.0002,23,74,115.554,325.492,39,116
670,1,85.281,26.4905,20,76,120.242,320.551,42,112
671,1,89.2821,28.7187,19,77,125.62,322.2,39,109
672,1,95.0443,47.7047,21,79,130.384,317.088,36,106
673,1,99.5024,50.0798,17,69,130.908,314.204,35,107
674,1,106.078,67.1797,19,76,131.018,311.17,31,109
675,1,113.617,76.0742,19,77,130.203,310.355,29,115
676,1,115.189,79.9113,22,80,127.668,310.404,35,115
677,1,121.951,92.1247,19,85,126.447,308.9,36,116
678,1,128.573,122.643,17,92,125.55,310.584,36,114
679,1,132.853,134.301,20,85,123.452,310.07,33,108
680,1,137.914,162.44,32,82,121.71,312.042,29,114
681,1,141.66,155.846,33,66,119.874,318.387,29,128
682,1,143.367,150.953,26,61,117.946,330.234,29,120
683,1,144.864,151.135,27,60,117.929,331.028,29,114
684,1,144.855,151.331,27,59,121.685,329.363,32,116
685,1,138.756,203.031,31,91,124.003,320.476,31,112
686,1,141.519,171.137,26,86,132.295,310.869,32,101
687,1,141.894,150.182,21,85,136.04,312.04,31,102
688,1,142.412,137.654,21,88,140.278,311.405,37,106
689,1,139.8,152.357,21,104,143.956,305.354,37,109
690,1,142.429,149.391,16,109,146.854,298.809,33,95
691,1,141.823,114.181,18,92,149.144,296.056,32,84
692,1,140.782,114.188,18,92,151.95,284.846,33,71
693,1,142.967,111.638,22,94,154.82,273.493,32,67
694,1,143.744,105.455,21,93,155.59,268.175,31,72
695,1,143.985,99.6365,21,90,156.455,268.466,37,80
696,1,145.607,86.2429,19,91,156.965,267.389,38,87
697,1,146.704,85.5701,17,94,156.542,267.091,37,89
698,1,147.074,77.047,17,92,152.612,266.238,30,95
699,1,147.43,68.8458,17,88,149.529,281.646,27,113
700,1,149.726,66.0753,21,90,145.826,285.835,23,115
701,1,150.493,61.207,22,91,144.068,286.306,23,112
702,1,150.813,77.7065,18,99,141.176,292.466,21,120
703,1,153.517,43.7009,16,85,137.504,297.701,25,124
704,1,152.339,45.1437,14,89,133.875,302.876,25,118
705,1,152.633,38.8777,14,95,131.251,304.755,23,115
706,1,152.452,42.7421,14,89,126.684,314.836,25,123
707,1,152.222,35.7194,13,88,123.999,320.612,27,121
708,1,151.572,25.3891,13,90,120.564,324.453,31,123
709,1,149.212,14.6128,16,93,117.657,324.243,30,125
710,1,149.288,12.8382,16,110,115.573,324.42,27,124
711,1,145.681,17.394,20,82,113.716,336.233,27,125
712,1,142.724,20.4127,23,80,108.697,345.242,39,126
713,1,138.827,18.157,26,79,107.481,345.013,40,118
714,1,137.689,18.1583,28,79,103.007,345.492,41,115
715,1,135.887,21.1731,25,67,97.3317,350.185,35,119
716,1,131.331,21.6799,25,65,90.4305,348.564,30,113
717,1,125.703,19.4299,19,64,86.7587,347.5,29,112
718,1,118.723,28.4187,19,68,83.3187,357.753,28,121
719,1,116.185,47.8809,23,78,80.802,369.546,31,125
720,1,113.356,52.1756,22,80,75.6215,368.579,22,134
721,1,110.599,50.9971,21,85,72.3273,365.256,22,132
722,1,109.494,50.5248,19,87,69.5475,365.563,25,140
723,1,107.236,56.6854,19,91,67.2572,358.483,30,128
724,1,102.804,64.4151,27,88,68.5993,381.232,37,129
725,1,100.611,69.5072,27,86,70.3327,395.326,44,126
726,1,100.611,69.0471,27,88,69.1966,395.693,41,123
727,1,101.708,64.1874,25,89,69.178,395.242,41,127
728,1,105.557,61.8453,20,89,67.4177,390.057,37,133
729,1,107.22,59.2683,19,90,68.4659,387.391,34,136
730,1,107.218,59.7366,19,88,73.4953,375.932,30,133
731,1,108.315,60.2003,21,86,78.4914,371.882,25,136
732,1,111.041,62.523,24,86,81.6165,370.49,27,137
733,1,118.729,61.7946,20,89,83.1972,370.454,31,137
734,1,123.817,54.5068,19,90,84.6023,361.675,31,129
735,1,125.355,35.0464,19,91,86.7587,347.5,29,122
736,1,127.167,5.43475,17,99,89.9868,345.645,25,126
737,1,129.459,5.94881,21,97,92.4158,344.185,23,127
738,1,131.6,11.8348,21,74,94.8347,340.139,25,118
739,1,133.661,19.6714,21,73,98.1061,338.124,25,113
740,1,136.503,19.668,26,73,98.9251,337.065,27,111
741,1,134.229,19.6707,26,73,97.6955,338.133,26,113
742,1,132.523,19.6728,23,73,99.3438,342.753,32,117
743,1,133.697,18.4145,17,68,100.567,352.506,31,130
744,1,132.545,18.9189,15,66,103.371,357.059,28,133
745,1,131.29,23.1794,17,69,102.942,366.019,25,130
746,1,129.079,20.9315,15,68,104.476,375.681,29,129
747,1,127.737,29.3912,19,74,107.21,376.09,30,125
748,1,125.203,41.8497,23,83,109.169,375.571,29,129
749,1,123.858,52.6153,21,88,111.194,370.408,22,132
750,1,122.796,50.483,23,87,110.032,368.875,19,145
751,1,121.081,53.3346,20,85,112.237,379.38,25,146
752,1,119.909,57.1109,18,89,114.653,395.585,32,144
753,1,116.501,64.1283,20,89,115.739,416.486,26,142
754,1,115.245,75.8394,22,88,114.257,416.631,22,141
755,1,115.764,77.424,23,81,113.192,414.106,21,145
756,1,115.79,75.6098,23,79,111.083,405.742,23,143
757,1,119.735,66.8918,26,77,111.082,405.851,23,142
758,1,126.358,63.6249,18,81,110.711,405.533,24,145
759,1,131.792,64.7621,18,86,109.741,392.666,27,141
760,1,137.51,57.0482,18,99,109.148,377.458,29,133
761,1,141.173,47.09,16,91,108.808,372.732,28,133
762,1,146.528,38.1648,19,88,108.541,360.522,27,124
763,1,152.863,21.9006,23,104,107.022,351.359,31,118
764,1,155.491,-9.68495,25,67,109.933,343.81,42,107
765,1,154.714,6.70963,29,64,110.766,342.252,50,99
766,1,156.844,10.0338,29,51,110.759,342.766,54,95
767,1,158.869,15.1096,25,51,116.811,345.451,61,93
768,1,159.57,12.5762,22,51,124.125,344.783,73,97
769,1,159.941,16.3708,23,56,126.583,343.964,59,103
770,1,156.518,16.6264,17,55,127.437,342.666,47,113
771,1,153.002,18.8948,15,56,129.245,337.469,41,113
772,1,152.78,47.5333,17,89,135.768,337.72,45,110
773,1,151.278,56.0604,15,93,139.54,344.069,43,110
774,1,151.684,70.66,21,100,138.809,342.423,43,113
775,1,150.54,94.8094,19,112,135.911,343.764,40,123
776,1,148.136,101.125,17,83,128.378,338.912,29,122
777,1,146.02,101.354,17,82,121.84,339.18,31,121
778,1,146.303,94.8345,17,112,113.151,346.039,44,119
779,1,142.75,90.9049,18,110,110.335,344.185,47,114
780,1,135.794,92.0452,21,85,105.083,337.717,46,115
781,1,133.79,88.0825,25,83,95.6403,337.785,37,116
782,1,131.667,87.6507,29,85,89.4701,337.524,32,119
783,1,124.802,83.902,18,82,82.8067,333.996,30,117
784,1,120.578,80.1097,20,89,79.8783,332.738,37,117
785,1,114.038,85.5216,20,85,75.464,323.883,31,104
786,1,105.938,94.1961,25,86,71.8167,315.362,27,97
787,1,103.796,97.2735,21,82,69.8399,307.61,27,93
788,1,103.799,96.3996,21,86,68.5355,307.073,24,97
789,1,104.355,89.7962,22,86,68.7103,300.266,25,95
790,1,103.852,79.7422,23,81,72.2651,303.331,29,103
791,1,106.556,79.2775,24,83,74.0541,305.56,29,107
792,1,110.376,75.1806,27,91,77.7901,316.895,29,115
793,1,115.943,64.8261,23,86,81.5823,316.409,30,108
794,1,121.729,48.342,21,86,85.8708,320.015,30,111
795,1,127.834,25.4267,27,90,89.2003,317.493,30,109
796,1,130.475,11.0712,31,87,93.1068,330.215,31,114
797,1,133.876,12.3421,37,62,100.16,341.448,40,117
798,1,141.882,12.3359,31,62,106.177,356.748,49,115
799,1,141.302,12.5905,24,61,111.32,361.196,62,108
800,1,141.753,15.8843,25,48,118.685,369.396,73,99
801,1,143.463,15.8826,22,48,128.006,372.524,83,81
802,1,144.168,12.3342,19,62,130.722,373.055,72,76
803,1,142.94,14.6185,17,63,130.404,371.159,59,82
804,1,143.955,17.8995,19,50,132.909,367.387,59,93
805,1,145.459,50.649,20,66,137.461,370.877,61,103
806,1,150.44,62.3695,26,76,138.536,372.873,52,106
807,1,155.909,62.1161,28,87,137.415,371.83,49,115
808,1,161.145,75.6225,27,98,136.783,368.62,51,122
809,1,162.253,84.3746,24,99,131.296,368.386,41,125
810,1,160.987,97.1446,29,101,126.096,371.14,42,123
811,1,163.925,118.006,21,103,122.427,376.087,35,122
812,1,167.679,123.791,17,85,119.351,357.94,40,113
813,1,166.638,124.006,19,84,114.33,348.172,37,112
814,1,165.663,123.187,21,88,106.261,345.039,29,118
815,1,161.881,117.603,21,85,102.211,337.517,27,117
816,1,156.775,116.385,23,91,98.08,329.05,29,112
817,1,152.372,111.149,24,96,95.5765,326.968,31,108
818,1,139.917,109.537,22,94,91.3104,317.724,29,97
819,1,137.272,110.405,23,90,90.3203,305.392,31,86
820,1,134.136,110.427,19,90,87.6118,295.899,25,83
821,1,131.073,107.892,21,92,88.0526,296.467,24,89
822,1,128.136,99.9519,23,89,90.6021,292.664,24,95
823,1,127.822,91.6508,26,87,91.0677,295.548,29,105
824,1,128.144,79.1709,26,83,91.9268,294.955,31,109
825,1,130.356,77.1274,22,82,91.9396,296.251,31,110
826,1,132.569,75.3037,26,90,92.8075,296.667,29,107
827,1,137.859,62.8831,27,84,94.2746,319.848,28,121
828,1,138.124,38.913,26,75,95.5647,324.959,27,123
829,1,142.068,7.22821,31,72,95.5654,325.093,27,122
830,1,144.106,-16.6007,33,93,97.2343,325.059,27,122
831,1,146.147,-8.89878,33,64,98.0869,331.437,25,124
832,1,150.186,-8.10604,28,61,100.568,342.469,27,129
833,1,151.825,-5.7403,27,62,101.38,346.42,25,128
834,1,151.314,-7.31607,28,58,104.22,346.868,28,124
835,1,149.649,-9.16061,27,65,106.223,350.37,29,126
836,1,149.068,-9.16094,28,65,107.395,354.856,24,130
837,1,147.904,-9.16161,26,65,108.49,365.529,23,133
838,1,147.247,-7.31792,23,58,109.616,370.804,22,129
839,1,146.25,17.3933,23,72,109.935,376.851,23,128
840,1,146.168,19.4052,23,64,110.124,392.657,22,141
841,1,137.087,19.1649,19,65,111.254,393.758,23,131
842,1,132.941,24.9212,18,72,111.443,406.823,26,133
843,1,130.229,20.4286,19,70,111.838,405.504,25,145
844,1,127.364,44.7339,19,81,112.045,391.931,25,157
845,1,122.922,44.2656,19,83,109.083,383.182,29,144
846,1,120.698,44.0312,19,84,109.488,381.662,28,137
847,1,116.137,51.2171,23,84,109.395,389.61,34,148
848,1,110.46,66.006,33,81,109.458,415.8,35,140
849,1,108.271,66.2463,37,80,111.619,419.865,41,131
850,1,106.621,67.8696,38,73,111.258,419.349,36,136
851,1,102.799,66.9624,31,77,107.972,416.157,27,147
852,1,101.159,65.1177,28,85,106.673,393.87,23,131
853,1,96.2262,65.1377,27,85,105.195,385.816,27,132
854,1,95.688,67.4541,30,85,102.912,375.481,31,131
855,1,96.8032,73.6485,30,88,98.978,365.502,31,125
856,1,96.2512,71.5925,29,87,97.3675,359.419,31,135
857,1,96.7962,71.5901,28,87,95.724,351.984,31,135
858,1,96.7893,69.5238,24,86,93.2519,346.468,25,129
859,1,101.701,70.4216,29,82,93.1304,332.859,21,114
860,1,101.701,70.6511,29,81,93.8546,319.856,19,111
861,1,101.698,72.7125,29,82,94.67,316.288,25,117
862,1,100.61,74.771,31,83,95.4587,306.98,27,114
863,1,97.3471,73.646,33,88,96.3203,308.783,33,111
864,1,93.5227,71.1461,28,89,95.5199,317.368,39,109
865,1,93.5109,69.3078,26,87,92.9694,314.81,41,108
866,1,94.6147,71.3706,24,88,85.3293,313.303,31,110
867,1,94.0951,75.712,23,89,75.9552,311.961,29,111
868,1,93.5388,73.6635,22,88,71.7126,312.321,31,109
869,1,91.3657,74.13,18,86,66.6312,312.975,33,105
870,1,91.402,78.4477,18,87,63.1306,310.818,27,101
871,1,91.9457,78.6713,19,86,60.8734,308.203,26,100
872,1,96.2803,79.1023,27,84,60.1374,301.711,25,96
873,1,96.2812,79.3282,27,83,59.3798,312.7,26,108
874,1,96.2574,73.1943,27,80,60.7619,314.889,25,112
875,1,96.7954,71.3609,26,88,62.5038,315.821,29,115
876,1,93.9511,51.2879,31,84,65.98,317.814,29,120
877,1,92.7988,45.3115,15,89,68.6882,322.26,31,117
878,1,91.0455,36.1004,14,87,72.3166,329.978,31,119
879,1,85.8464,26.2407,19,87,75.0354,337.043,33,125
880,1,85.8464,26.2407,17,87,77.4436,334.633,31,123
881,1,83.5603,25.4969,21,90,79.7315,326.889,33,121
882,1,81.9059,28.7319,24,87,81.5112,331.646,33,125
883,1,78.4556,26.5017,30,86,88.3577,345.68,37,126
884,1,82.4179,25.2493,23,91,93.2644,347.867,41,118
885,1,82.9834,24.9989,16,92,94.4688,346.059,42,122
886,1,82.9601,23.4996,18,88,99.7472,337.178,33,120
887,1,83.5229,22.9981,17,80,105.915,336.005,32,128
888,1,86.9238,21.2378,19,77,110.989,324.781,34,122
889,1,89.7858,21.9869,22,74,118.057,325.04,37,119
890,1,94.9076,19.719,25,73,123.945,322.503,39,117
891,1,99.4698,11.8585,25,74,129.193,315.198,51,110
892,1,102.351,7.24612,24,72,136.023,312.454,47,99
893,1,105.061,49.1087,21,83,137.817,309.931,47,97
894,1,109.921,65.0822,14,85,137.984,306.168,39,94
895,1,113.143,70.3714,20,82,139.385,303.335,34,94
896,1,116.89,74.4677,23,84,139.043,301.507,33,97
897,1,121.2,75.8113,17,78,137.319,301.964,33,104
898,1,123.026,91.6782,21,87,135.981,303.399,34,114
899,1,130.244,100.155,23,88,134.664,304.409,31,117
900,1,136.009,116.746,19,90,134.641,304.971,27,113
901,1,139.306,139.088,27,101,133.736,306.389,25,103
902,1,144.708,154.65,31,92,132.07,305.581,25,109
903,1,155.273,153.185,34,69,131.416,300.234,27,127
904,1,156.663,155.117,31,59,129.502,306.19,27,125
905,1,157.75,153.551,31,57,129.516,305.77,27,118
906,1,159.644,155.283,25,58,130.656,297.542,29,106
907,1,161.128,155.462,24,57,129.848,296.126,27,106
908,1,158.159,155.103,16,59,130.212,297.979,28,103
909,1,156.85,151.804,23,76,130.233,309.522,29,111
910,1,153.836,142.559,22,83,129.174,315.746,27,116
911,1,154.577,138.153,21,95,127.914,315.771,26,116
912,1,150.041,127.018,19,90,127.162,326.059,27,120
913,1,144.3,117.105,23,88,125.627,348.559,25,127
914,1,139.04,119.026,25,89,125.168,363.205,25,129
915,1,137.048,116.738,25,90,125.48,365.868,26,127
916,1,136.609,114.429,24,91,125.46,366.473,24,132
917,1,132.521,111.922,20,93,123.749,370.955,24,145
918,1,128.67,99.7317,16,90,126.4,385.307,28,142
919,1,125.514,99.1002,18,93,129.883,404.284,41,142
920,1,120.278,96.0823,22,87,128.564,409.421,30,135
921,1,120.261,96.9557,24,83,126.304,410.125,18,139
922,1,120.266,96.7375,24,84,123.413,407.28,22,146
923,1,120.923,90.1457,25,84,122.352,405.239,25,145
924,1,122.268,76.4867,27,85,120.841,405.604,25,142
925,1,125.682,69.1691,21,87,119.371,404.44,25,143
926,1,126.386,62.4632,20,86,117.356,393.721,19,140
927,1,126.342,64.3207,18,88,115.969,386.936,19,140
928,1,126.447,59.8988,18,87,114.615,376.859,19,137
929,1,127.725,52.6026,16,88,113.058,376.66,19,139
930,1,127.335,45.9336,15,86,111.543,373.501,19,136
931,1,128.985,24.6785,15,83,110.071,365.735,19,131
932,1,127.488,16.1513,18,87,109.398,355.186,21,127
933,1,127.024,11.5834,17,95,107.864,347.551,25,128
934,1,124.291,5.17803,22,90,105.498,336.927,27,121
935,1,124.179,10.5651,22,79,103.444,337.231,32,119
936,1,121.942,7.49405,22,81,103.03,338.28,33,111
937,1,121.357,8.00761,21,79,98.928,338.626,43,109
938,1,121.217,15.6516,21,79,95.6441,338.436,47,111
939,1,120.026,18.4302,17,78,88.3596,345.808,49,115
940,1,117.73,19.4396,17,74,78.5868,346.273,37,113
941,1,114.922,16.1639,20,77,73.2387,344.98,48,114
942,1,115.494,16.1633,21,77,65.5314,336.981,48,107
943,1,113.776,16.418,24,76,65.0501,335.417,41,99
944,1,109.509,48.6177,27,85,59.3834,329.843,44,82
945,1,104.467,59.5127,18,79,58.5594,321.784,35,72
946,1,103.915,59.9829,17,77,56.1721,308.433,27,69
947,1,105.024,57.8689,19,86,56.8763,305.462,25,80
948,1,105.021,58.5731,19,83,58.3276,300.031,25,88
949,1,106.713,51.7224,16,82,60.0766,300.428,33,95
950,1,108.374,51.9544,13,81,62.693,300.95,35,101
951,1,111.72,49.8035,15,90,66.3838,306.833,31,109
952,1,113.39,49.3217,14,92,70.0017,312.077,27,111
953,1,116.34,37.0194,13,103,75.3167,318.998,27,110
954,1,117.072,25.4438,18,90,78.9108,327.441,31,117
955,1,123.684,6.72264,23,94,82.6378,326.16,30,116
956,1,124.984,-0.260136,21,101,85.5526,325.698,31,119
957,1,126.705,-25.5169,27,66,89.4278,334.384,32,123
958,1,127.465,-7.32696,29,58,97.293,340.217,43,117
959,1,129.426,7.23391,29,52,98.9457,348.125,51,115
960,1,129.342,10.5617,29,49,99.3508,347.863,50,117
961,1,132.589,-3.12773,20,42,100.567,347.328,47,121
962,1,131.839,3.11095,17,48,104.219,346.995,38,123
963,1,129.245,14.3776,13,54,104.213,348.391,38,122
964,1,129.06,21.6829,13,55,103.803,349.539,37,123
965,1,129.558,66.6202,16,78,102.186,349.195,35,126
966,1,127.366,67.0906,18,76,98.137,348.903,33,129
967,1,126.615,75.5588,17,79,94.8957,348.974,29,129
968,1,125.881,83.6728,18,83,94.894,348.72,29,131
969,1,125.493,99.9684,16,89,94.0842,348.865,31,130
970,1,125.488,100.185,16,88,94.0872,349.244,31,127
971,1,124.874,103.861,15,91,94.0872,349.244,39,127
972,1,123.256,105.59,14,93,92.8716,349.271,46,127
973,1,122.159,107.739,12,93,94.8658,344.645,45,123
974,1,120.059,107.753,12,93,94.7996,335.059,45,117
975,1,118.483,107.763,13,93,91.4066,326.518,49,112
976,1,117.433,107.77,15,93,83.9277,328.007,37,112
977,1,116.444,103.7,19,92,79.3107,326.764,42,112
978,1,113.856,99.8239,20,90,78.3828,323.284,48,108
979,1,110.697,97.8859,22,89,76.9951,318.691,47,102
980,1,106.981,97.9086,19,89,71.0901,318.808,41,92
981,1,107.005,93.9703,19,87,67.8259,310.866,40,80
982,1,107.004,94.1899,19,86,65.5903,297.888,30,72
983,1,107.578,88.0045,20,84,64.5786,283.883,25,68
984,1,110.929,74.0398,22,86,66.6502,291.79,21,84
985,1,110.938,73.1274,20,90,67.5163,291.629,27,95
986,1,110.998,66.9282,20,87,70.2945,296.218,33,103
987,1,112.116,64.6097,20,87,73.734,295.289,29,109
988,1,113.251,61.1161,18,92,75.46,294.968,29,111
989,1,115.039,50.5074,15,87,77.7772,300.525,28,112
990,1,116.158,49.7898,15,90,82.6628,307.506,29,112
991,1,117.851,47.876,14,88,85.4086,317.704,27,118
992,1,121.224,45.7113,10,87,88.003,322.009,29,116
993,1,123.144,33.3372,11,98,89.2771,323.2,32,117
994,1,125.09,21.4379,18,106,90.5118,321.417,31,120
995,1,124.095,14.6357,22,113,92.1378,316.201,31,118
996,1,124.623,16.6596,21,105,94.3941,335.984,34,130
997,1,125.161,18.1725,18,89,96.8965,343.19,40,124
998,1,122.698,27.4211,22,82,95.3243,352.621,46,120
999,1,122.123,27.9176,21,80,93.6916,350.391,50,118
1000,1,120.428,27.9206,20,80,89.1095,341.166,47,111
1001,1,118.556,38.7176,19,76,81.7374,341.452,37,110
1002,1,115.795,35.8006,22,88,75.1812,341.72,37,109
1003,1,115.205,37.9962,21,89,68.0823,338.756,42,113
1004,1,114.564,44.2886,22,83,66.1485,331.963,42,105
1005,1,111.188,47.4175,20,80,64.0868,322.894,38,93
1006,1,107.18,65.7881,19,82,66.2963,315.195,28,79
1007,1,106.617,68.5609,18,90,63.9874,300.926,28,71
1008,1,106.063,70.1729,17,83,65.5599,286.383,25,71
1009,1,107.16,69.0189,19,88,66.7073,293.244,33,84
1010,1,108.309,60.9014,21,83,67.7157,296.842,39,99
1011,1,113.362,51.7009,18,82,72.0231,296.042,41,104
1012,1,117.227,52.4001,17,79,75.4684,295.257,33,109
1013,1,122.214,51.9096,14,81,77.2376,296.522,29,110
1014,1,123.883,51.4297,17,93,80.9485,307.258,27,114
1015,1,130.63,47.3601,21,100,84.5419,316.488,29,117
1016,1,136.029,34.5343,16,93,88.0354,324.169,29,120
1017,1,140.691,29.6141,22,93,90.528,322.77,27,120
1018,1,143.888,4.65664,26,102,92.1419,316.613,27,115
1019,1,146.74,-9.16227,28,65,96.4568,336.725,33,124
1020,1,147.519,0.259653,28,69,103.414,345.356,44,116
1021,1,149.093,17.3902,26,62,109.423,352.938,53,115
1022,1,148.439,19.4024,23,54,112.554,358.586,65,109
1023,1,150.81,17.1365,19,53,123.702,359.199,81,102
1024,1,149.136,16.3818,16,56,128.485,358.969,65,103
1025,1,148.983,33.0386,17,59,124.528,358.195,55,110
1026,1,148.595,54.6583,18,69,124.2,355.852,44,119
1027,1,148.414,71.1316,19,78,128.173,356.507,40,123
1028,1,150.908,75.6709,18,78,129.752,356.967,36,119
1029,1,151.929,87.9828,15,83,130.555,356.826,34,120
1030,1,152.946,110.085,15,91,129.461,353.995,31,123
1031,1,152.239,124.117,15,84,126.023,348.803,32,125
1032,1,150.997,128.446,17,73,121.587,348.773,35,126
1033,1,151.509,128.442,16,73,116.736,349.131,35,124
1034,1,150.21,123.513,15,77,113.532,347.556,37,117
1035,1,146.347,117.718,19,85,118.388,347.45,39,117
1036,1,140.839,112.711,20,89,122.371,349.639,49,119
1037,1,139.14,102.261,20,88,126.966,356.782,61,121
1038,1,133.318,86.0867,24,82,126.155,357.171,59,118
1039,1,125.459,78.733,33,75,128.914,358.097,56,120
1040,1,123.268,80.3214,37,78,126.131,357.912,43,122
1041,1,120.121,75.5894,31,79,125.384,356.322,45,125
1042,1,100.611,69.2772,39,87,122.586,356.384,44,125
1043,1,98.4336,72.9558,49,91,119.322,359.174,42,123
1044,1,94.5116,52.2368,50,80,118.849,362.373,41,117
1045,1,94.6271,73.6585,34,88,116.162,357.764,46,115
1046,1,84.8406,74.6164,36,84,104.618,348.383,53,102
1047,1,81.0747,77.1374,31,73,94.1022,351.138,47,102
1048,1,81.0543,76.001,29,68,82.7236,348.984,39,111
1049,1,80.4257,71.4336,28,68,76.8703,343.361,53,116
1050,1,79.8314,68.9059,29,69,69.9667,333.999,49,109
1051,1,80.9097,67.9782,31,73,66.3772,327.429,41,99
1052,1,82.5533,67.9713,30,73,62.0289,323.883,37,86
1053,1,84.2586,72.1044,25,75,59.1656,316.987,33,77
1054,1,85.3466,71.8704,27,76,56.9198,306.309,27,74
1055,1,86.4615,73.696,25,78,55.7386,291.842,22,75
1056,1,90.2169,67.7081,28,84,57.9137,291.657,25,86
1057,1,95.6677,62.8158,26,85,59.4936,297.282,28,97
1058,1,104.454,63.0142,20,84,62.5406,297.513,31,105
1059,1,109.94,62.9927,18,84,64.1941,295.608,31,108
1060,1,118.161,62.9604,27,84,67.7212,296.986,27,108
1061,1,119.293,60.8597,39,83,70.0453,301.383,30,107
1062,1,132.377,44.4798,26,82,72.7095,316.721,33,117
1063,1,137.063,37.215,24,82,77.7827,316.621,29,117
1064,1,141.47,23.6633,27,97,83.6255,312.922,23,123
1065,1,147.182,8.50668,34,77,87.0597,315.477,23,124
1066,1,154.117,7.22277,34,72,90.5858,327.604,23,124
1067,1,158.326,14.6045,26,53,96.8954,342.933,28,126
1068,1,156.419,18.6397,29,77,101.376,349.971,25,130
1069,1,156.406,18.8908,29,76,104.603,351.287,29,129
1070,1,156.406,18.8908,29,76,107.44,349.712,24,131
1071,1,156.246,22.1457,25,63,110.645,351.783,20,134
1072,1,156.786,22.6439,22,61,112.433,366.529,25,134
1073,1,153.829,25.3855,25,60,113.772,380.512,29,136
1074,1,149.803,27.1273,22,63,115.51,390.713,34,137
1075,1,143.094,40.3539,17,69,116.985,393.279,36,134
1076,1,139.595,44.6998,17,71,120.842,391.603,30,148
1077,1,135.984,53.285,19,75,121.673,389.198,24,159
1078,1,132.884,64.7576,20,86,122.823,389.17,25,159
1079,1,129.062,64.7731,19,86,127.719,391.435,30,148
1080,1,125.233,65.0201,22,85,132.346,408.028,36,157
1081,1,119.145,69.427,29,86,131.628,416.18,31,141
1082,1,116.818,79.2268,25,83,129.425,415.919,25,144
1083,1,115.754,78.1028,23,78,128.788,413.277,27,149
1084,1,116.845,77.4188,25,81,126.066,406.235,23,145
1085,1,119.661,71.0304,28,79,124.522,407.686,27,142
1086,1,125.254,64.0933,20,89,121.589,405.694,31,141
1087,1,128.099,59.6589,17,88,119.661,392.988,33,136
1088,1,129.658,62.9153,14,94,118.369,382.96,29,134
1089,1,134.033,62.8982,12,94,116.83,382.649,29,137
1090,1,136.319,59.8619,12,87,114.516,382.24,27,141
1091,1,137.213,49.4865,13,91,113.018,379.128,27,138
1092,1,143.14,9.27612,21,84,112.56,358.215,25,122
1093,1,143.274,5.68653,21,108,110.185,356.411,27,127
1094,1,143.12,-5.74342,22,102,108.356,338.557,26,118
1095,1,144.938,7.22691,24,72,104.613,349.269,33,125
1096,1,144.081,14.6175,23,63,102.194,345.51,35,115
1097,1,145.092,17.8982,25,60,102.193,345.765,35,113
1098,1,143.955,17.8995,23,60,105.46,343.136,43,113
1099,1,142.836,17.397,21,62,109.139,341.901,52,112
1100,1,140.185,11.8285,26,64,113.289,337.284,58,107
1101,1,137.705,17.6546,26,71,115.715,339.05,64,103
1102,1,125.262,39.1869,39,104,119.054,335.991,60,96
1103,1,123.399,48.0983,38,127,120.248,320.28,44,84
1104,1,118.384,49.3064,37,132,119.316,324.478,42,93
1105,1,116.719,49.3115,36,132,118.951,322.199,39,100
1106,1,117.176,55.7087,35,135,121.499,320.391,33,103
1107,1,118.69,64.1195,38,139,121.027,322.562,34,107
1108,1,119.129,70.3452,41,142,121.041,322.022,34,111
1109,1,119.456,82.5867,46,148,120.225,321.228,32,117
1110,1,138.367,94.4439,78,154,115.99,324.411,26,124
1111,1,138.576,117.565,76,166,113.812,330.319,23,130
1112,1,138.041,117.988,77,164,111.266,335.24,21,133
1113,1,138.041,117.988,77,164,109.563,340.474,21,133
1114,1,137.538,117.573,80,166,107.491,343.862,20,127
1115,1,137.538,117.573,80,166,105.031,346.978,22,123
1116,1,137.538,117.573,80,166,103.814,347.004,23,123
1117,1,138.125,115.68,81,165,99.7535,344.54,25,123
1118,1,138.997,106.129,80,160,96.1546,356.971,24,125
1119,1,138.684,100.319,79,157,92.2421,366.626,32,127
1120,1,138.684,100.319,79,157,86.405,373.014,31,125
1121,1,138.684,100.319,79,157,81.6374,387.419,40,133
1122,1,138.684,100.319,79,157,70.5245,390.439,29,129
1123,1,139.186,86.4998,79,150,65.4498,389.303,32,130
1124,1,138.259,82.4899,77,148,61.5543,381.164,43,141
1125,1,135.775,76.4223,76,145,58.7648,372.937,49,131
1126,1,130.375,76.448,82,145,56.6641,398.138,60,114
1127,1,125.56,74.4275,81,144,51.6796,398.149,53,105
1128,1,95.1656,72.5133,23,143,49.3583,397.87,49,108
1129,1,93.465,62.1251,26,138,47.7936,397.458,45,112
1130,1,91.714,49.3883,29,132,47.7701,397.121,37,125
1131,1,91.0886,41.2123,32,126,46.1053,395.356,37,131
1132,1,88.8226,39.0327,36,125,49.137,394.602,37,137
1133,1,88.2845,41.2194,37,126,53.7276,394.036,33,141
1134,1,81.5137,39.0504,49,125,60.7481,380.714,25,135
1135,1,85.9775,36.3564,41,126,63.0955,380.659,27,135
1136,1,85.3544,31.9389,42,124,64.5621,378.507,31,133
1137,1,85.7456,18.4696,41,118,66.8124,376.088,33,133
1138,1,84.1767,-11.8531,43,105,70.0052,356.681,27,122
1139,1,84.1767,-11.8531,43,105,73.9792,354.97,25,125
1140,1,79.6851,1.90861e-13,51,110,77.1261,352.139,25,127
1141,1,79.7693,4.67528,51,112,81.1391,350.664,27,128
1142,1,81.008,9.3121,49,114,85.2192,352.088,29,126
1143,1,83.8988,9.56688,44,113,86.8617,353.559,33,124
1144,1,84.4437,7.2542,43,112,91.2142,346.129,40,122
1145,1,85.5701,4.9321,41,111,97.2301,323.984,39,110
1146,1,84.9593,2.60122,42,110,105.984,325.686,38,116
1147,1,85.5399,2.60112,41,110,113.114,321.911,37,113
1148,1,88.9291,-6.81686,35,106,120.177,323.252,40,112
1149,1,92.536,7.25055,29,112,124.405,321.009,52,108
1150,1,93.7186,11.8628,27,114,130.399,316.679,50,99
1151,1,97.2344,34.3728,21,124,135.26,310.534,45,83
1152,1,98.3941,51.7492,23,132,140.435,299.071,36,64
1153,1,100.612,57.8848,27,136,143.949,297.153,32,67
1154,1,105.575,57.8669,22,136,146.819,283.466,33,61
1155,1,109.434,57.853,27,136,145.21,289.35,32,81
1156,1,110.536,57.8491,29,136,143.056,289.243,29,92
1157,1,113.34,53.597,34,134,140.881,289.573,24,100
1158,1,115.486,58.3005,36,134,137.772,291.516,17,107
1159,1,117.721,56.1778,40,133,135.467,295.162,18,112
1160,1,119.411,54.0495,43,132,133.792,304.987,17,113
1161,1,123.873,51.9043,45,131,131.698,315.56,25,117
1162,1,138.833,34.5283,73,123,128.839,325.49,27,124
1163,1,140.922,23.1655,72,119,125.892,326.885,28,124
1164,1,143.966,2.59167,68,110,120.483,327.794,27,118
1165,1,143.58,-18.2074,70,99,116.229,333.564,33,115
1166,1,141.148,-15.8023,74,100,110.725,345.454,48,114
1167,1,139.417,-16.6056,77,103,108.613,353.456,53,111
1168,1,139.417,-16.6056,77,103,106.204,353.009,49,115
1169,1,139.417,-16.6056,77,103,101.372,352.989,45,116
1170,1,140.59,-16.6044,79,103,96.1371,353.731,40,121
1171,1,140.425,-11.8116,79,105,89.6886,353.747,32,122
1172,1,141.593,-11.8108,81,105,85.2264,352.465,25,123
1173,1,138.517,-7.05879,76,107,84.0089,352.241,26,125
1174,1,140.691,29.6141,82,123,82.7599,350.629,27,128
1175,1,140.297,40.6027,82,128,79.8519,347.903,28,130
1176,1,140.064,47.0933,82,131,74.2188,337.322,23,123
1177,1,139.663,42.7762,81,129,70.9095,337.13,19,125
1178,1,140.064,47.0933,82,131,67.9628,335.75,22,126
1179,1,140.142,44.9382,80,130,64.5843,334.242,30,128
1180,1,140.142,44.9382,80,130,62.4685,333.362,31,125
1181,1,140.142,44.9382,80,130,58.1114,329.469,29,125
1182,1,140.142,44.9382,80,130,51.8485,329.597,22,125
1183,1,140.064,47.0933,80,131,47.6706,329.683,22,125
1184,1,140.064,47.0933,80,131,45.5808,329.725,27,125
1185,1,139.988,49.24,80,132,43.3237,327.361,32,123
1186,0,-1,-1,-1,-1,-1,-1,-1,-1
1187,0,-1,-1,-1,-1,-1,-1,-1,-1
1188,0,-1,-1,-1,-1,-1,-1,-1,-1
1189,0,-1,-1,-1,-1,-1,-1,-1,-1
1190,0,-1,-1,-1,-1,-1,-1,-1,-1
1191,0,-1,-1,-1,-1,-1,-1,-1,-1
1192,0,-1,-1,-1,-1,-1,-1,-1,-1
1193,0,-1,-1,-1,-1,-1,-1,-1,-1
1194,0,-1,-1,-1,-1,-1,-1,-1,-1
1195,0,-1,-1,-1,-1,-1,-1,-1,-1
1196,0,-1,-1,-1,-1,-1,-1,-1,-1
1197,0,-1,-1,-1,-1,-1,-1,-1,-1
1198,0,-1,-1,-1,-1,-1,-1,-1,-1
1199,0,-1,-1,-1,-1,-1,-1,-1,-1
1200,0,-1,-1,-1,-1,-1,-1,-1,-1
1201,0,-1,-1,-1,-1,-1,-1,-1,-1
1202,0,-1,-1,-1,-1,-1,-1,-1,-1
1203,0,-1,-1,-1,-1,-1,-1,-1,-1
1204,0,-1,-1,-1,-1,-1,-1,-1,-1
1205,0,-1,-1,-1,-1,-1,-1,-1,-1
1206,0,-1,-1,-1,-1,-1,-1,-1,-1
1207,0,-1,-1,-1,-1,-1,-1,-1,-1
1208,0,-1,-1,-1,-1,-1,-1,-1,-1
1209,0,-1,-1,-1,-1,-1,-1,-1,-1
1210,0,-1,-1,-1,-1,-1,-1,-1,-1
1211,0,-1,-1,-1,-1,-1,-1,-1,-1
1212,0,-1,-1,-1,-1,-1,-1,-1,-1
1213,0,-1,-1,-1,-1,-1,-1,-1,-1
1214,0,-1,-1,-1,-1,-1,-1,-1,-1
1215,0,-1,-1,-1,-1,-1,-1,-1,-1
1216,0,-1,-1,-1,-1,-1,-1,-1,-1
1217,0,-1,-1,-1,-1,-1,-1,-1,-1
1218,0,-1,-1,-1,-1,-1,-1,-1,-1
1219,0,-1,-1,-1,-1,-1,-1,-1,-1
1220,0,-1,-1,-1,-1,-1,-1,-1,-1
1221,0,-1,-1,-1,-1,-1,-1,-1,-1
1222,0,-1,-1,-1,-1,-1,-1,-1,-1
1223,0,-1,-1,-1,-1,-1,-1,-1,-1
1224,0,-1,-1,-1,-1,-1,-1,-1,-1
1225,0,-1,-1,-1,-1,-1,-1,-1,-1
1226,0,-1,-1,-1,-1,-1,-1,-1,-1
1227,0,-1,-1,-1,-1,-1,-1,-1,-1
1228,0,-1,-1,-1,-1,-1,-1,-1,-1
1229,0,-1,-1,-1,-1,-1,-1,-1,-1
1230,0,-1,-1,-1,-1,-1,-1,-1,-1
1231,0,-1,-1,-1,-1,-1,-1,-1,-1
1232,0,-1,-1,-1,-1,-1,-1,-1,-1
1233,0,-1,-1,-1,-1,-1,-1,-1,-1
1234,0,-1,-1,-1,-1,-1,-1,-1,-1
1235,0,-1,-1,-1,-1,-1,-1,-1,-1
1236,0,-1,-1,-1,-1,-1,-1,-1,-1
1237,0,-1,-1,-1,-1,-1,-1,-1,-1
1238,0,-1,-1,-1,-1,-1,-1,-1,-1
1239,0,-1,-1,-1,-1,-1,-1,-1,-1
1240,0,-1,-1,-1,-1,-1,-1,-1,-1
1241,0,-1,-1,-1,-1,-1,-1,-1,-1
1242,0,-1,-1,-1,-1,-1,-1,-1,-1
1243,0,-1,-1,-1,-1,-1,-1,-1,-1
1244,0,-1,-1,-1,-1,-1,-1,-1,-1
1245,0,-1,-1,-1,-1,-1,-1,-1,-1
1246,0,-1,-1,-1,-1,-1,-1,-1,-1
1247,0,-1,-1,-1,-1,-1,-1,-1,-1
1248,0,-1,-1,-1,-1,-1,-1,-1,-1
1249,0,-1,-1,-1,-1,-1,-1,-1,-1
1250,0,-1,-1,-1,-1,-1,-1,-1,-1
1251,0,-1,-1,-1,-1,-1,-1,-1,-1
1252,0,-1,-1,-1,-1,-1,-1,-1,-1
1253,0,-1,-1,-1,-1,-1,-1,-1,-1
1254,0,-1,-1,-1,-1,-1,-1,-1,-1
1255,0,-1,-1,-1,-1,-1,-1,-1,-1
1256,0,-1,-1,-1,-1,-1,-1,-1,-1
1257,0,-1,-1,-1,-1,-1,-1,-1,-1
1258,0,-1,-1,-1,-1,-1,-1,-1,-1
1259,0,-1,-1,-1,-1,-1,-1,-1,-1
1260,0,-1,-1,-1,-1,-1,-1,-1,-1
1261,0,-1,-1,-1,-1,-1,-1,-1,-1
1262,0,-1,-1,-1,-1,-1,-1,-1,-1
1263,0,-1,-1,-1,-1,-1,-1,-1,-1
1264,0,-1,-1,-1,-1,-1,-1,-1,-1
1265,0,-1,-1,-1,-1,-1,-1,-1,-1
1266,0,-1,-1,-1,-1,-1,-1,-1,-1
1267,0,-1,-1,-1,-1,-1,-1,-1,-1
1268,0,-1,-1,-1,-1,-1,-1,-1,-1
1269,0,-1,-1,-1,-1,-1,-1,-1,-1
1270,0,-1,-1,-1,-1,-1,-1,-1,-1
1271,0,-1,-1,-1,-1,-1,-1,-1,-1
1272,0,-1,-1,-1,-1,-1,-1,-1,-1
1273,0,-1,-1,-1,-1,-1,-1,-1,-1
1274,0,-1,-1,-1,-1,-1,-1,-1,-1
1275,0,-1,-1,-1,-1,-1,-1,-1,-1
1276,0,-1,-1,-1,-1,-1,-1,-1,-1
1277,0,-1,-1,-1,-1,-1,-1,-1,-1
1278,0,-1,-1,-1,-1,-1,-1,-1,-1
1279,0,-1,-1,-1,-1,-1,-1,-1,-1
1280,0,-1,-1,-1,-1,-1,-1,-1,-1
1281,0,-1,-1,-1,-1,-1,-1,-1,-1
1282,0,-1,-1,-1,-1,-1,-1,-1,-1
1283,0,-1,-1,-1,-1,-1,-1,-1,-1
1284,0,-1,-1,-1,-1,-1,-1,-1,-1
1285,0,-1,-1,-1,-1,-1,-1,-1,-1
1286,0,-1,-1,-1,-1,-1,-1,-1,-1
1287,0,-1,-1,-1,-1,-1,-1,-1,-1
1288,0,-1,-1,-1,-1,-1,-1,-1,-1
1289,0,-1,-1,-1,-1,-1,-1,-1,-1
1290,0,-1,-1,-1,-1,-1,-1,-1,-1
1291,0,-1,-1,-1,-1,-1,-1,-1,-1
1292,0,-1,-1,-1,-1,-1,-1,-1,-1
1293,0,-1,-1,-1,-1,-1,-1,-1,-1
1294,0,-1,-1,-1,-1,-1,-1,-1,-1
1295,0,-1,-1,-1,-1,-1,-1,-1,-1
1296,0,-1,-1,-1,-1,-1,-1,-1,-1
1297,0,-1,-1,-1,-1,-1,-1,-1,-1
1298,0,-1,-1,-1,-1,-1,-1,-1,-1
1299,0,-1,-1,-1,-1,-1,-1,-1,-1
1300,0,-1,-1,-1,-1,-1,-1,-1,-1
1301,0,-1,-1,-1,-1,-1,-1,-1,-1
1302,0,-1,-1,-1,-1,-1,-1,-1,-1
1303,0,-1,-1,-1,-1,-1,-1,-1,-1
1304,0,-1,-1,-1,-1,-1,-1,-1,-1
1305,0,-1,-1,-1,-1,-1,-1,-1,-1
1306,0,-1,-1,-1,-1,-1,-1,-1,-1
1307,0,-1,-1,-1,-1,-1,-1,-1,-1
1308,0,-1,-1,-1,-1,-1,-1,-1,-1
1309,0,-1,-1,-1,-1,-1,-1,-1,-1
1310,0,-1,-1,-1,-1,-1,-1,-1,-1
1311,0,-1,-1,-1,-1,-1,-1,-1,-1
1312,0,-1,-1,-1,-1,-1,-1,-1,-1
1313,0,-1,-1,-1,-1,-1,-1,-1,-1
1314,0,-1,-1,-1,-1,-1,-1,-1,-1
1315,0,-1,-1,-1,-1,-1,-1,-1,-1
1316,0,-1,-1,-1,-1,-1,-1,-1,-1
1317,0,-1,-1,-1,-1,-1,-1,-1,-1
1318,0,-1,-1,-1,-1,-1,-1,-1,-1
1319,0,-1,-1,-1,-1,-1,-1,-1,-1
1320,0,-1,-1,-1,-1,-1,-1,-1,-1
1321,0,-1,-1,-1,-1,-1,-1,-1,-1
1322,0,-1,-1,-1,-1,-1,-1,-1,-1
1323,0,-1,-1,-1,-1,-1,-1,-1,-1
1324,0,-1,-1,-1,-1,-1,-1,-1,-1
1325,0,-1,-1,-1,-1,-1,-1,-1,-1
1326,0,-1,-1,-1,-1,-1,-1,-1,-1
1327,0,-1,-1,-1,-1,-1,-1,-1,-1
1328,0,-1,-1,-1,-1,-1,-1,-1,-1
1329,0,-1,-1,-1,-1,-1,-1,-1,-1
1330,0,-1,-1,-1,-1,-1,-1,-1,-1
1331,0,-1,-1,-1,-1,-1,-1,-1,-1
1332,0,-1,-1,-1,-1,-1,-1,-1,-1
1333,0,-1,-1,-1,-1,-1,-1,-1,-1
1334,0,-1,-1,-1,-1,-1,-1,-1,-1
1335,0,-1,-1,-1,-1,-1,-1,-1,-1
1336,0,-1,-1,-1,-1,-1,-1,-1,-1
1337,0,-1,-1,-1,-1,-1,-1,-1,-1
1338,0,-1,-1,-1,-1,-1,-1,-1,-1
1339,0,-1,-1,-1,-1,-1,-1,-1,-1
1340,0,-1,-1,-1,-1,-1,-1,-1,-1
1341,0,-1,-1,-1,-1,-1,-1,-1,-1
1342,0,-1,-1,-1,-1,-1,-1,-1,-1
1343,0,-1,-1,-1,-1,-1,-1,-1,-1
1344,0,-1,-1,-1,-1,-1,-1,-1,-1
1345,0,-1,-1,-1,-1,-1,-1,-1,-1
1346,0,-1,-1,-1,-1,-1,-1,-1,-1
1347,0,-1,-1,-1,-1,-1,-1,-1,-1
1348,0,-1,-1,-1,-1,-1,-1,-1,-1
1349,0,-1,-1,-1,-1,-1,-1,-1,-1
1350,0,-1,-1,-1,-1,-1,-1,-1,-1
1351,0,-1,-1,-1,-1,-1,-1,-1,-1
1352,0,-1,-1,-1,-1,-1,-1,-1,-1
1353,0,-1,-1,-1,-1,-1,-1,-1,-1
1354,0,-1,-1,-1,-1,-1,-1,-1,-1
1355,0,-1,-1,-1,-1,-1,-1,-1,-1
1356,0,-1,-1,-1,-1,-1,-1,-1,-1
1357,0,-1,-1,-1,-1,-1,-1,-1,-1
1358,0,-1,-1,-1,-1,-1,-1,-1,-1
1359,0,-1,-1,-1,-1,-1,-1,-1,-1
1360,0,-1,-1,-1,-1,-1,-1,-1,-1
1361,0,-1,-1,-1,-1,-1,-1,-1,-1
1362,0,-1,-1,-1,-1,-1,-1,-1,-1
1363,0,-1,-1,-1,-1,-1,-1,-1,-1
1364,0,-1,-1,-1,-1,-1,-1,-1,-1
1365,0,-1,-1,-1,-1,-1,-1,-1,-1
1366,0,-1,-1,-1,-1,-1,-1,-1,-1
1367,0,-1,-1,-1,-1,-1,-1,-1,-1
1368,0,-1,-1,-1,-1,-1,-1,-1,-1
1369,0,-1,-1,-1,-1,-1,-1,-1,-1
1370,0,-1,-1,-1,-1,-1,-1,-1,-1
1371,0,-1,-1,-1,-1,-1,-1,-1,-1
1372,0,-1,-1,-1,-1,-1,-1,-1,-1
1373,0,-1,-1,-1,-1,-1,-1,-1,-1
1374,0,-1,-1,-1,-1,-1,-1,-1,-1
1375,0,-1,-1,-1,-1,-1,-1,-1,-1
1376,0,-1,-1,-1,-1,-1,-1,-1,-1
1377,0,-1,-1,-1,-1,-1,-1,-1,-1
1378,0,-1,-1,-1,-1,-1,-1,-1,-1
1379,0,-1,-1,-1,-1,-1,-1,-1,-1
1380,0,-1,-1,-1,-1,-1,-1,-1,-1
1381,0,-1,-1,-1,-1,-1,-1,-1,-1
1382,0,-1,-1,-1,-1,-1,-1,-1,-1
1383,0,-1,-1,-1,-1,-1,-1,-1,-1
1384,0,-1,-1,-1,-1,-1,-1,-1,-1
1385,0,-1,-1,-1,-1,-1,-1,-1,-1
1386,0,-1,-1,-1,-1,-1,-1,-1,-1
1387,0,-1,-1,-1,-1,-1,-1,-1,-1
1388,0,-1,-1,-1,-1,-1,-1,-1,-1
1389,0,-1,-1,-1,-1,-1,-1,-1,-1
1390,0,-1,-1,-1,-1,-1,-1,-1,-1
1391,0,-1,-1,-1,-1,-1,-1,-1,-1
1392,0,-1,-1,-1,-1,-1,-1,-1,-1
1393,0,-1,-1,-1,-1,-1,-1,-1,-1
1394,0,-1,-1,-1,-1,-1,-1,-1,-1
1395,0,-1,-1,-1,-1,-1,-1,-1,-1
1396,0,-1,-1,-1,-1,-1,-1,-1,-1
1397,0,-1,-1,-1,-1,-1,-1,-1,-1
1398,0,-1,-1,-1,-1,-1,-1,-1,-1
1399,0,-1,-1,-1,-1,-1,-1,-1,-1
1400,0,-1,-1,-1,-1,-1,-1,-1,-1
1401,0,-1,-1,-1,-1,-1,-1,-1,-1
1402,0,-1,-1,-1,-1,-1,-1,-1,-1
1403,0,-1,-1,-1,-1,-1,-1,-1,-1
1404,0,-1,-1,-1,-1,-1,-1,-1,-1
1405,0,-1,-1,-1,-1,-1,-1,-1,-1
1406,0,-1,-1,-1,-1,-1,-1,-1,-1
1407,0,-1,-1,-1,-1,-1,-1,-1,-1
1408,0,-1,-1,-1,-1,-1,-1,-1,-1
1409,0,-1,-1,-1,-1,-1,-1,-1,-1
1410,0,-1,-1,-1,-1,-1,-1,-1,-1
1411,0,-1,-1,-1,-1,-1,-1,-1,-1
1412,0,-1,-1,-1,-1,-1,-1,-1,-1
1413,0,-1,-1,-1,-1,-1,-1,-1,-1
1414,0,-1,-1,-1,-1,-1,-1,-1,-1
1415,0,-1,-1,-1,-1,-1,-1,-1,-1
1416,0,-1,-1,-1,-1,-1,-1,-1,-1
1417,0,-1,-1,-1,-1,-1,-1,-1,-1
1418,0,-1,-1,-1,-1,-1,-1,-1,-1
1419,0,-1,-1,-1,-1,-1,-1,-1,-1
1420,0,-1,-1,-1,-1,-1,-1,-1,-1
1421,0,-1,-1,-1,-1,-1,-1,-1,-1
1422,0,-1,-1,-1,-1,-1,-1,-1,-1
1423,0,-1,-1,-1,-1,-1,-1,-1,-1
1424,0,-1,-1,-1,-1,-1,-1,-1,-1
1425,0,-1,-1,-1,-1,-1,-1,-1,-1
1426,0,-1,-1,-1,-1,-1,-1,-1,-1
1427,0,-1,-1,-1,-1,-1,-1,-1,-1
1428,0,-1,-1,-1,-1,-1,-1,-1,-1
1429,0,-1,-1,-1,-1,-1,-1,-1,-1
1430,0,-1,-1,-1,-1,-1,-1,-1,-1
1431,0,-1,-1,-1,-1,-1,-1,-1,-1
1432,0,-1,-1,-1,-1,-1,-1,-1,-1
1433,0,-1,-1,-1,-1,-1,-1,-1,-1
